,RunId,iteration,Step,width,height,initial_population,initial_population_bt,vento,Lagarta Saudavel,Lagarta Infectada,Bacteria
0,0,0,20,50,50,100,0,0,100,0,0
1,1,0,20,50,50,100,0,1,100,0,0
2,2,0,20,50,50,100,0,2,100,0,0
3,3,0,20,50,50,100,0,3,100,0,0
4,4,0,20,50,50,100,0,4,100,0,0
5,5,0,20,50,50,100,50,0,5,0,0
6,6,0,20,50,50,100,50,1,0,0,3
7,7,0,20,50,50,100,50,2,0,0,4
8,8,0,20,50,50,100,50,3,0,0,0
9,9,0,20,50,50,100,50,4,1,0,0
10,10,0,20,50,50,100,100,0,0,0,0
11,11,0,20,50,50,100,100,1,0,0,3
12,12,0,20,50,50,100,100,2,0,0,0
13,13,0,20,50,50,100,100,3,0,0,0
14,14,0,20,50,50,100,100,4,0,0,3
15,15,0,20,50,50,100,150,0,0,0,0
16,16,0,20,50,50,100,150,1,3,0,0
17,17,0,20,50,50,100,150,2,0,0,0
18,18,0,20,50,50,100,150,3,0,0,0
19,19,0,20,50,50,100,150,4,2,0,7
20,20,1,20,50,50,100,0,0,100,0,0
21,21,1,20,50,50,100,0,1,100,0,0
22,22,1,20,50,50,100,0,2,100,0,0
23,23,1,20,50,50,100,0,3,100,0,0
24,24,1,20,50,50,100,0,4,100,0,0
25,25,1,20,50,50,100,50,0,0,0,4
26,26,1,20,50,50,100,50,1,0,0,7
27,27,1,20,50,50,100,50,2,0,0,12
28,28,1,20,50,50,100,50,3,0,0,0
29,29,1,20,50,50,100,50,4,0,0,4
30,30,1,20,50,50,100,100,0,0,0,3
31,31,1,20,50,50,100,100,1,0,0,0
32,32,1,20,50,50,100,100,2,1,0,0
33,33,1,20,50,50,100,100,3,0,0,0
34,34,1,20,50,50,100,100,4,0,0,0
35,35,1,20,50,50,100,150,0,0,0,0
36,36,1,20,50,50,100,150,1,0,0,0
37,37,1,20,50,50,100,150,2,0,0,0
38,38,1,20,50,50,100,150,3,0,0,0
39,39,1,20,50,50,100,150,4,0,0,0
40,40,2,20,50,50,100,0,0,100,0,0
41,41,2,20,50,50,100,0,1,100,0,0
42,42,2,20,50,50,100,0,2,100,0,0
43,43,2,20,50,50,100,0,3,100,0,0
44,44,2,20,50,50,100,0,4,100,0,0
45,45,2,20,50,50,100,50,0,0,0,4
46,46,2,20,50,50,100,50,1,0,0,0
47,47,2,20,50,50,100,50,2,0,0,4
48,48,2,20,50,50,100,50,3,0,0,1
49,49,2,20,50,50,100,50,4,0,0,1
50,50,2,20,50,50,100,100,0,0,0,0
51,51,2,20,50,50,100,100,1,0,0,1
52,52,2,20,50,50,100,100,2,0,0,0
53,53,2,20,50,50,100,100,3,0,0,0
54,54,2,20,50,50,100,100,4,2,0,0
55,55,2,20,50,50,100,150,0,2,0,3
56,56,2,20,50,50,100,150,1,0,0,0
57,57,2,20,50,50,100,150,2,0,0,0
58,58,2,20,50,50,100,150,3,0,0,0
59,59,2,20,50,50,100,150,4,0,0,0
60,60,3,20,50,50,100,0,0,100,0,0
61,61,3,20,50,50,100,0,1,100,0,0
62,62,3,20,50,50,100,0,2,100,0,0
63,63,3,20,50,50,100,0,3,100,0,0
64,64,3,20,50,50,100,0,4,100,0,0
65,65,3,20,50,50,100,50,0,2,0,0
66,66,3,20,50,50,100,50,1,3,0,0
67,67,3,20,50,50,100,50,2,1,0,2
68,68,3,20,50,50,100,50,3,0,0,1
69,69,3,20,50,50,100,50,4,0,0,3
70,70,3,20,50,50,100,100,0,0,0,0
71,71,3,20,50,50,100,100,1,0,0,7
72,72,3,20,50,50,100,100,2,0,0,0
73,73,3,20,50,50,100,100,3,0,0,0
74,74,3,20,50,50,100,100,4,1,0,0
75,75,3,20,50,50,100,150,0,0,0,0
76,76,3,20,50,50,100,150,1,0,0,7
77,77,3,20,50,50,100,150,2,0,0,4
78,78,3,20,50,50,100,150,3,0,0,4
79,79,3,20,50,50,100,150,4,0,0,3
80,80,4,20,50,50,100,0,0,100,0,0
81,81,4,20,50,50,100,0,1,100,0,0
82,82,4,20,50,50,100,0,2,100,0,0
83,83,4,20,50,50,100,0,3,100,0,0
84,84,4,20,50,50,100,0,4,100,0,0
85,85,4,20,50,50,100,50,0,0,0,15
86,86,4,20,50,50,100,50,1,1,0,3
87,87,4,20,50,50,100,50,2,0,0,0
88,88,4,20,50,50,100,50,3,3,0,6
89,89,4,20,50,50,100,50,4,1,0,2
90,90,4,20,50,50,100,100,0,0,0,0
91,91,4,20,50,50,100,100,1,1,0,1
92,92,4,20,50,50,100,100,2,0,0,2
93,93,4,20,50,50,100,100,3,0,0,0
94,94,4,20,50,50,100,100,4,0,0,0
95,95,4,20,50,50,100,150,0,0,0,0
96,96,4,20,50,50,100,150,1,0,0,1
97,97,4,20,50,50,100,150,2,0,0,0
98,98,4,20,50,50,100,150,3,0,0,0
99,99,4,20,50,50,100,150,4,1,0,0
100,100,5,20,50,50,100,0,0,100,0,0
101,101,5,20,50,50,100,0,1,100,0,0
102,102,5,20,50,50,100,0,2,100,0,0
103,103,5,20,50,50,100,0,3,100,0,0
104,104,5,20,50,50,100,0,4,100,0,0
105,105,5,20,50,50,100,50,0,0,0,4
106,106,5,20,50,50,100,50,1,0,0,0
107,107,5,20,50,50,100,50,2,0,0,4
108,108,5,20,50,50,100,50,3,3,0,6
109,109,5,20,50,50,100,50,4,0,0,2
110,110,5,20,50,50,100,100,0,0,0,0
111,111,5,20,50,50,100,100,1,1,0,2
112,112,5,20,50,50,100,100,2,0,0,0
113,113,5,20,50,50,100,100,3,0,0,0
114,114,5,20,50,50,100,100,4,0,0,0
115,115,5,20,50,50,100,150,0,0,0,0
116,116,5,20,50,50,100,150,1,0,0,2
117,117,5,20,50,50,100,150,2,0,0,0
118,118,5,20,50,50,100,150,3,0,0,3
119,119,5,20,50,50,100,150,4,0,0,0
120,120,6,20,50,50,100,0,0,100,0,0
121,121,6,20,50,50,100,0,1,100,0,0
122,122,6,20,50,50,100,0,2,100,0,0
123,123,6,20,50,50,100,0,3,100,0,0
124,124,6,20,50,50,100,0,4,100,0,0
125,125,6,20,50,50,100,50,0,0,0,0
126,126,6,20,50,50,100,50,1,1,0,0
127,127,6,20,50,50,100,50,2,0,0,0
128,128,6,20,50,50,100,50,3,0,0,7
129,129,6,20,50,50,100,50,4,0,0,0
130,130,6,20,50,50,100,100,0,2,0,0
131,131,6,20,50,50,100,100,1,2,0,0
132,132,6,20,50,50,100,100,2,1,0,0
133,133,6,20,50,50,100,100,3,1,0,5
134,134,6,20,50,50,100,100,4,2,0,0
135,135,6,20,50,50,100,150,0,0,0,0
136,136,6,20,50,50,100,150,1,0,0,0
137,137,6,20,50,50,100,150,2,0,0,0
138,138,6,20,50,50,100,150,3,0,0,4
139,139,6,20,50,50,100,150,4,0,0,0
140,140,7,20,50,50,100,0,0,100,0,0
141,141,7,20,50,50,100,0,1,100,0,0
142,142,7,20,50,50,100,0,2,100,0,0
143,143,7,20,50,50,100,0,3,100,0,0
144,144,7,20,50,50,100,0,4,100,0,0
145,145,7,20,50,50,100,50,0,0,0,4
146,146,7,20,50,50,100,50,1,0,0,8
147,147,7,20,50,50,100,50,2,3,0,3
148,148,7,20,50,50,100,50,3,1,0,2
149,149,7,20,50,50,100,50,4,1,0,0
150,150,7,20,50,50,100,100,0,1,0,0
151,151,7,20,50,50,100,100,1,0,0,0
152,152,7,20,50,50,100,100,2,0,0,2
153,153,7,20,50,50,100,100,3,0,0,0
154,154,7,20,50,50,100,100,4,1,0,0
155,155,7,20,50,50,100,150,0,1,0,0
156,156,7,20,50,50,100,150,1,0,0,0
157,157,7,20,50,50,100,150,2,0,0,0
158,158,7,20,50,50,100,150,3,1,0,0
159,159,7,20,50,50,100,150,4,0,0,0
160,160,8,20,50,50,100,0,0,100,0,0
161,161,8,20,50,50,100,0,1,100,0,0
162,162,8,20,50,50,100,0,2,100,0,0
163,163,8,20,50,50,100,0,3,100,0,0
164,164,8,20,50,50,100,0,4,100,0,0
165,165,8,20,50,50,100,50,0,0,0,8
166,166,8,20,50,50,100,50,1,0,0,0
167,167,8,20,50,50,100,50,2,0,0,0
168,168,8,20,50,50,100,50,3,0,0,8
169,169,8,20,50,50,100,50,4,0,0,2
170,170,8,20,50,50,100,100,0,0,0,0
171,171,8,20,50,50,100,100,1,0,0,0
172,172,8,20,50,50,100,100,2,0,0,0
173,173,8,20,50,50,100,100,3,0,0,0
174,174,8,20,50,50,100,100,4,0,0,0
175,175,8,20,50,50,100,150,0,0,0,0
176,176,8,20,50,50,100,150,1,0,0,2
177,177,8,20,50,50,100,150,2,0,0,0
178,178,8,20,50,50,100,150,3,0,0,0
179,179,8,20,50,50,100,150,4,0,0,0
180,180,9,20,50,50,100,0,0,100,0,0
181,181,9,20,50,50,100,0,1,100,0,0
182,182,9,20,50,50,100,0,2,100,0,0
183,183,9,20,50,50,100,0,3,100,0,0
184,184,9,20,50,50,100,0,4,100,0,0
185,185,9,20,50,50,100,50,0,3,0,0
186,186,9,20,50,50,100,50,1,1,0,0
187,187,9,20,50,50,100,50,2,0,0,0
188,188,9,20,50,50,100,50,3,0,0,2
189,189,9,20,50,50,100,50,4,1,0,0
190,190,9,20,50,50,100,100,0,0,0,4
191,191,9,20,50,50,100,100,1,0,0,0
192,192,9,20,50,50,100,100,2,1,0,0
193,193,9,20,50,50,100,100,3,0,0,0
194,194,9,20,50,50,100,100,4,0,0,0
195,195,9,20,50,50,100,150,0,0,0,0
196,196,9,20,50,50,100,150,1,0,0,0
197,197,9,20,50,50,100,150,2,0,0,0
198,198,9,20,50,50,100,150,3,0,0,0
199,199,9,20,50,50,100,150,4,0,0,0
200,200,10,20,50,50,100,0,0,100,0,0
201,201,10,20,50,50,100,0,1,100,0,0
202,202,10,20,50,50,100,0,2,100,0,0
203,203,10,20,50,50,100,0,3,100,0,0
204,204,10,20,50,50,100,0,4,100,0,0
205,205,10,20,50,50,100,50,0,0,0,5
206,206,10,20,50,50,100,50,1,1,0,0
207,207,10,20,50,50,100,50,2,10,1,0
208,208,10,20,50,50,100,50,3,0,0,5
209,209,10,20,50,50,100,50,4,0,0,12
210,210,10,20,50,50,100,100,0,1,0,4
211,211,10,20,50,50,100,100,1,0,0,0
212,212,10,20,50,50,100,100,2,1,0,0
213,213,10,20,50,50,100,100,3,0,0,0
214,214,10,20,50,50,100,100,4,0,0,0
215,215,10,20,50,50,100,150,0,0,0,0
216,216,10,20,50,50,100,150,1,0,0,0
217,217,10,20,50,50,100,150,2,0,0,0
218,218,10,20,50,50,100,150,3,0,0,0
219,219,10,20,50,50,100,150,4,0,0,5
220,220,11,20,50,50,100,0,0,100,0,0
221,221,11,20,50,50,100,0,1,100,0,0
222,222,11,20,50,50,100,0,2,100,0,0
223,223,11,20,50,50,100,0,3,100,0,0
224,224,11,20,50,50,100,0,4,100,0,0
225,225,11,20,50,50,100,50,0,0,0,1
226,226,11,20,50,50,100,50,1,1,0,6
227,227,11,20,50,50,100,50,2,0,0,0
228,228,11,20,50,50,100,50,3,0,0,11
229,229,11,20,50,50,100,50,4,0,0,4
230,230,11,20,50,50,100,100,0,0,0,0
231,231,11,20,50,50,100,100,1,0,0,0
232,232,11,20,50,50,100,100,2,1,0,0
233,233,11,20,50,50,100,100,3,1,0,0
234,234,11,20,50,50,100,100,4,0,0,0
235,235,11,20,50,50,100,150,0,0,0,4
236,236,11,20,50,50,100,150,1,0,0,3
237,237,11,20,50,50,100,150,2,1,0,0
238,238,11,20,50,50,100,150,3,0,0,0
239,239,11,20,50,50,100,150,4,0,0,0
240,240,12,20,50,50,100,0,0,100,0,0
241,241,12,20,50,50,100,0,1,100,0,0
242,242,12,20,50,50,100,0,2,100,0,0
243,243,12,20,50,50,100,0,3,100,0,0
244,244,12,20,50,50,100,0,4,100,0,0
245,245,12,20,50,50,100,50,0,0,1,3
246,246,12,20,50,50,100,50,1,0,0,0
247,247,12,20,50,50,100,50,2,1,0,12
248,248,12,20,50,50,100,50,3,0,0,0
249,249,12,20,50,50,100,50,4,4,0,1
250,250,12,20,50,50,100,100,0,0,0,1
251,251,12,20,50,50,100,100,1,2,0,0
252,252,12,20,50,50,100,100,2,1,0,0
253,253,12,20,50,50,100,100,3,0,0,0
254,254,12,20,50,50,100,100,4,0,0,0
255,255,12,20,50,50,100,150,0,0,0,1
256,256,12,20,50,50,100,150,1,3,0,0
257,257,12,20,50,50,100,150,2,0,0,0
258,258,12,20,50,50,100,150,3,1,0,0
259,259,12,20,50,50,100,150,4,0,0,0
260,260,13,20,50,50,100,0,0,100,0,0
261,261,13,20,50,50,100,0,1,100,0,0
262,262,13,20,50,50,100,0,2,100,0,0
263,263,13,20,50,50,100,0,3,100,0,0
264,264,13,20,50,50,100,0,4,100,0,0
265,265,13,20,50,50,100,50,0,2,0,1
266,266,13,20,50,50,100,50,1,0,0,4
267,267,13,20,50,50,100,50,2,0,0,4
268,268,13,20,50,50,100,50,3,0,0,0
269,269,13,20,50,50,100,50,4,0,0,2
270,270,13,20,50,50,100,100,0,0,0,1
271,271,13,20,50,50,100,100,1,0,0,0
272,272,13,20,50,50,100,100,2,0,0,0
273,273,13,20,50,50,100,100,3,0,0,0
274,274,13,20,50,50,100,100,4,0,0,0
275,275,13,20,50,50,100,150,0,0,0,0
276,276,13,20,50,50,100,150,1,0,0,0
277,277,13,20,50,50,100,150,2,0,0,0
278,278,13,20,50,50,100,150,3,0,0,0
279,279,13,20,50,50,100,150,4,0,0,0
280,280,14,20,50,50,100,0,0,100,0,0
281,281,14,20,50,50,100,0,1,100,0,0
282,282,14,20,50,50,100,0,2,100,0,0
283,283,14,20,50,50,100,0,3,100,0,0
284,284,14,20,50,50,100,0,4,100,0,0
285,285,14,20,50,50,100,50,0,1,0,7
286,286,14,20,50,50,100,50,1,0,0,3
287,287,14,20,50,50,100,50,2,0,0,0
288,288,14,20,50,50,100,50,3,0,0,2
289,289,14,20,50,50,100,50,4,0,0,12
290,290,14,20,50,50,100,100,0,0,0,0
291,291,14,20,50,50,100,100,1,0,0,4
292,292,14,20,50,50,100,100,2,0,0,0
293,293,14,20,50,50,100,100,3,0,0,0
294,294,14,20,50,50,100,100,4,0,0,0
295,295,14,20,50,50,100,150,0,0,0,0
296,296,14,20,50,50,100,150,1,0,0,0
297,297,14,20,50,50,100,150,2,0,0,0
298,298,14,20,50,50,100,150,3,1,0,0
299,299,14,20,50,50,100,150,4,0,0,0
300,300,15,20,50,50,100,0,0,100,0,0
301,301,15,20,50,50,100,0,1,100,0,0
302,302,15,20,50,50,100,0,2,100,0,0
303,303,15,20,50,50,100,0,3,100,0,0
304,304,15,20,50,50,100,0,4,100,0,0
305,305,15,20,50,50,100,50,0,0,0,5
306,306,15,20,50,50,100,50,1,0,0,10
307,307,15,20,50,50,100,50,2,0,0,7
308,308,15,20,50,50,100,50,3,0,0,4
309,309,15,20,50,50,100,50,4,0,0,0
310,310,15,20,50,50,100,100,0,0,0,0
311,311,15,20,50,50,100,100,1,0,0,3
312,312,15,20,50,50,100,100,2,0,0,0
313,313,15,20,50,50,100,100,3,0,0,0
314,314,15,20,50,50,100,100,4,2,0,0
315,315,15,20,50,50,100,150,0,0,0,0
316,316,15,20,50,50,100,150,1,1,0,4
317,317,15,20,50,50,100,150,2,0,0,0
318,318,15,20,50,50,100,150,3,0,0,0
319,319,15,20,50,50,100,150,4,0,0,0
320,320,16,20,50,50,100,0,0,100,0,0
321,321,16,20,50,50,100,0,1,100,0,0
322,322,16,20,50,50,100,0,2,100,0,0
323,323,16,20,50,50,100,0,3,100,0,0
324,324,16,20,50,50,100,0,4,100,0,0
325,325,16,20,50,50,100,50,0,1,0,17
326,326,16,20,50,50,100,50,1,0,0,0
327,327,16,20,50,50,100,50,2,0,0,0
328,328,16,20,50,50,100,50,3,0,0,0
329,329,16,20,50,50,100,50,4,0,0,3
330,330,16,20,50,50,100,100,0,0,0,0
331,331,16,20,50,50,100,100,1,0,0,0
332,332,16,20,50,50,100,100,2,0,0,0
333,333,16,20,50,50,100,100,3,0,0,0
334,334,16,20,50,50,100,100,4,0,0,0
335,335,16,20,50,50,100,150,0,0,0,0
336,336,16,20,50,50,100,150,1,0,0,0
337,337,16,20,50,50,100,150,2,2,0,0
338,338,16,20,50,50,100,150,3,0,0,4
339,339,16,20,50,50,100,150,4,0,0,0
340,340,17,20,50,50,100,0,0,100,0,0
341,341,17,20,50,50,100,0,1,100,0,0
342,342,17,20,50,50,100,0,2,100,0,0
343,343,17,20,50,50,100,0,3,100,0,0
344,344,17,20,50,50,100,0,4,100,0,0
345,345,17,20,50,50,100,50,0,0,0,6
346,346,17,20,50,50,100,50,1,0,2,3
347,347,17,20,50,50,100,50,2,0,0,0
348,348,17,20,50,50,100,50,3,0,0,4
349,349,17,20,50,50,100,50,4,0,0,0
350,350,17,20,50,50,100,100,0,1,0,0
351,351,17,20,50,50,100,100,1,0,0,0
352,352,17,20,50,50,100,100,2,0,0,0
353,353,17,20,50,50,100,100,3,0,0,0
354,354,17,20,50,50,100,100,4,0,0,0
355,355,17,20,50,50,100,150,0,0,0,0
356,356,17,20,50,50,100,150,1,0,0,0
357,357,17,20,50,50,100,150,2,0,0,0
358,358,17,20,50,50,100,150,3,0,0,4
359,359,17,20,50,50,100,150,4,0,0,0
360,360,18,20,50,50,100,0,0,100,0,0
361,361,18,20,50,50,100,0,1,100,0,0
362,362,18,20,50,50,100,0,2,100,0,0
363,363,18,20,50,50,100,0,3,100,0,0
364,364,18,20,50,50,100,0,4,100,0,0
365,365,18,20,50,50,100,50,0,0,0,0
366,366,18,20,50,50,100,50,1,0,0,0
367,367,18,20,50,50,100,50,2,1,0,8
368,368,18,20,50,50,100,50,3,0,0,5
369,369,18,20,50,50,100,50,4,0,0,7
370,370,18,20,50,50,100,100,0,0,0,0
371,371,18,20,50,50,100,100,1,0,0,8
372,372,18,20,50,50,100,100,2,0,0,0
373,373,18,20,50,50,100,100,3,2,0,0
374,374,18,20,50,50,100,100,4,0,0,0
375,375,18,20,50,50,100,150,0,1,0,0
376,376,18,20,50,50,100,150,1,0,0,1
377,377,18,20,50,50,100,150,2,0,0,0
378,378,18,20,50,50,100,150,3,0,0,0
379,379,18,20,50,50,100,150,4,1,0,3
380,380,19,20,50,50,100,0,0,100,0,0
381,381,19,20,50,50,100,0,1,100,0,0
382,382,19,20,50,50,100,0,2,100,0,0
383,383,19,20,50,50,100,0,3,100,0,0
384,384,19,20,50,50,100,0,4,100,0,0
385,385,19,20,50,50,100,50,0,0,0,21
386,386,19,20,50,50,100,50,1,1,0,7
387,387,19,20,50,50,100,50,2,0,0,0
388,388,19,20,50,50,100,50,3,0,0,4
389,389,19,20,50,50,100,50,4,1,0,2
390,390,19,20,50,50,100,100,0,1,0,4
391,391,19,20,50,50,100,100,1,0,0,6
392,392,19,20,50,50,100,100,2,0,0,0
393,393,19,20,50,50,100,100,3,0,0,0
394,394,19,20,50,50,100,100,4,0,0,0
395,395,19,20,50,50,100,150,0,0,0,8
396,396,19,20,50,50,100,150,1,1,0,0
397,397,19,20,50,50,100,150,2,0,0,0
398,398,19,20,50,50,100,150,3,2,0,0
399,399,19,20,50,50,100,150,4,0,0,0
400,400,20,20,50,50,100,0,0,100,0,0
401,401,20,20,50,50,100,0,1,100,0,0
402,402,20,20,50,50,100,0,2,100,0,0
403,403,20,20,50,50,100,0,3,100,0,0
404,404,20,20,50,50,100,0,4,100,0,0
405,405,20,20,50,50,100,50,0,0,0,0
406,406,20,20,50,50,100,50,1,4,0,3
407,407,20,20,50,50,100,50,2,0,0,13
408,408,20,20,50,50,100,50,3,0,0,4
409,409,20,20,50,50,100,50,4,0,0,9
410,410,20,20,50,50,100,100,0,0,0,0
411,411,20,20,50,50,100,100,1,0,0,1
412,412,20,20,50,50,100,100,2,0,0,0
413,413,20,20,50,50,100,100,3,1,0,0
414,414,20,20,50,50,100,100,4,0,0,0
415,415,20,20,50,50,100,150,0,1,0,0
416,416,20,20,50,50,100,150,1,0,0,0
417,417,20,20,50,50,100,150,2,0,0,0
418,418,20,20,50,50,100,150,3,0,0,0
419,419,20,20,50,50,100,150,4,0,0,0
420,420,21,20,50,50,100,0,0,100,0,0
421,421,21,20,50,50,100,0,1,100,0,0
422,422,21,20,50,50,100,0,2,100,0,0
423,423,21,20,50,50,100,0,3,100,0,0
424,424,21,20,50,50,100,0,4,100,0,0
425,425,21,20,50,50,100,50,0,1,0,13
426,426,21,20,50,50,100,50,1,2,0,2
427,427,21,20,50,50,100,50,2,0,0,6
428,428,21,20,50,50,100,50,3,0,0,4
429,429,21,20,50,50,100,50,4,0,0,2
430,430,21,20,50,50,100,100,0,0,0,0
431,431,21,20,50,50,100,100,1,1,0,0
432,432,21,20,50,50,100,100,2,0,0,0
433,433,21,20,50,50,100,100,3,0,0,0
434,434,21,20,50,50,100,100,4,0,0,0
435,435,21,20,50,50,100,150,0,0,0,0
436,436,21,20,50,50,100,150,1,1,0,0
437,437,21,20,50,50,100,150,2,0,0,10
438,438,21,20,50,50,100,150,3,0,0,0
439,439,21,20,50,50,100,150,4,1,0,0
440,440,22,20,50,50,100,0,0,100,0,0
441,441,22,20,50,50,100,0,1,100,0,0
442,442,22,20,50,50,100,0,2,100,0,0
443,443,22,20,50,50,100,0,3,100,0,0
444,444,22,20,50,50,100,0,4,100,0,0
445,445,22,20,50,50,100,50,0,0,0,0
446,446,22,20,50,50,100,50,1,0,0,4
447,447,22,20,50,50,100,50,2,0,0,11
448,448,22,20,50,50,100,50,3,1,0,6
449,449,22,20,50,50,100,50,4,2,0,0
450,450,22,20,50,50,100,100,0,0,0,0
451,451,22,20,50,50,100,100,1,0,0,2
452,452,22,20,50,50,100,100,2,0,0,3
453,453,22,20,50,50,100,100,3,0,0,0
454,454,22,20,50,50,100,100,4,0,0,0
455,455,22,20,50,50,100,150,0,0,0,0
456,456,22,20,50,50,100,150,1,1,0,0
457,457,22,20,50,50,100,150,2,0,0,1
458,458,22,20,50,50,100,150,3,1,0,0
459,459,22,20,50,50,100,150,4,0,0,0
460,460,23,20,50,50,100,0,0,100,0,0
461,461,23,20,50,50,100,0,1,100,0,0
462,462,23,20,50,50,100,0,2,100,0,0
463,463,23,20,50,50,100,0,3,100,0,0
464,464,23,20,50,50,100,0,4,100,0,0
465,465,23,20,50,50,100,50,0,1,0,1
466,466,23,20,50,50,100,50,1,0,0,0
467,467,23,20,50,50,100,50,2,3,0,3
468,468,23,20,50,50,100,50,3,0,0,0
469,469,23,20,50,50,100,50,4,0,0,0
470,470,23,20,50,50,100,100,0,0,0,0
471,471,23,20,50,50,100,100,1,0,0,0
472,472,23,20,50,50,100,100,2,0,0,0
473,473,23,20,50,50,100,100,3,0,0,0
474,474,23,20,50,50,100,100,4,2,0,0
475,475,23,20,50,50,100,150,0,0,0,0
476,476,23,20,50,50,100,150,1,3,0,2
477,477,23,20,50,50,100,150,2,0,0,0
478,478,23,20,50,50,100,150,3,0,0,0
479,479,23,20,50,50,100,150,4,1,0,0
480,480,24,20,50,50,100,0,0,100,0,0
481,481,24,20,50,50,100,0,1,100,0,0
482,482,24,20,50,50,100,0,2,100,0,0
483,483,24,20,50,50,100,0,3,100,0,0
484,484,24,20,50,50,100,0,4,100,0,0
485,485,24,20,50,50,100,50,0,0,0,3
486,486,24,20,50,50,100,50,1,0,0,2
487,487,24,20,50,50,100,50,2,0,0,0
488,488,24,20,50,50,100,50,3,0,0,0
489,489,24,20,50,50,100,50,4,0,0,7
490,490,24,20,50,50,100,100,0,0,0,0
491,491,24,20,50,50,100,100,1,0,0,0
492,492,24,20,50,50,100,100,2,0,0,0
493,493,24,20,50,50,100,100,3,0,0,0
494,494,24,20,50,50,100,100,4,0,0,6
495,495,24,20,50,50,100,150,0,0,0,0
496,496,24,20,50,50,100,150,1,0,0,0
497,497,24,20,50,50,100,150,2,2,0,1
498,498,24,20,50,50,100,150,3,0,0,0
499,499,24,20,50,50,100,150,4,0,0,0
500,500,25,20,50,50,100,0,0,100,0,0
501,501,25,20,50,50,100,0,1,100,0,0
502,502,25,20,50,50,100,0,2,100,0,0
503,503,25,20,50,50,100,0,3,100,0,0
504,504,25,20,50,50,100,0,4,100,0,0
505,505,25,20,50,50,100,50,0,0,0,4
506,506,25,20,50,50,100,50,1,5,0,0
507,507,25,20,50,50,100,50,2,3,0,0
508,508,25,20,50,50,100,50,3,0,0,4
509,509,25,20,50,50,100,50,4,0,0,1
510,510,25,20,50,50,100,100,0,0,0,4
511,511,25,20,50,50,100,100,1,0,0,0
512,512,25,20,50,50,100,100,2,0,0,0
513,513,25,20,50,50,100,100,3,0,0,2
514,514,25,20,50,50,100,100,4,0,0,0
515,515,25,20,50,50,100,150,0,0,0,0
516,516,25,20,50,50,100,150,1,0,0,0
517,517,25,20,50,50,100,150,2,1,0,0
518,518,25,20,50,50,100,150,3,0,0,0
519,519,25,20,50,50,100,150,4,0,0,0
520,520,26,20,50,50,100,0,0,100,0,0
521,521,26,20,50,50,100,0,1,100,0,0
522,522,26,20,50,50,100,0,2,100,0,0
523,523,26,20,50,50,100,0,3,100,0,0
524,524,26,20,50,50,100,0,4,100,0,0
525,525,26,20,50,50,100,50,0,0,0,6
526,526,26,20,50,50,100,50,1,1,0,0
527,527,26,20,50,50,100,50,2,1,0,4
528,528,26,20,50,50,100,50,3,0,0,0
529,529,26,20,50,50,100,50,4,0,0,3
530,530,26,20,50,50,100,100,0,2,0,1
531,531,26,20,50,50,100,100,1,0,0,0
532,532,26,20,50,50,100,100,2,0,0,4
533,533,26,20,50,50,100,100,3,0,0,0
534,534,26,20,50,50,100,100,4,2,0,2
535,535,26,20,50,50,100,150,0,0,0,0
536,536,26,20,50,50,100,150,1,0,0,0
537,537,26,20,50,50,100,150,2,0,0,6
538,538,26,20,50,50,100,150,3,1,0,0
539,539,26,20,50,50,100,150,4,0,0,0
540,540,27,20,50,50,100,0,0,100,0,0
541,541,27,20,50,50,100,0,1,100,0,0
542,542,27,20,50,50,100,0,2,100,0,0
543,543,27,20,50,50,100,0,3,100,0,0
544,544,27,20,50,50,100,0,4,100,0,0
545,545,27,20,50,50,100,50,0,0,0,0
546,546,27,20,50,50,100,50,1,1,0,11
547,547,27,20,50,50,100,50,2,0,0,0
548,548,27,20,50,50,100,50,3,0,0,3
549,549,27,20,50,50,100,50,4,0,0,0
550,550,27,20,50,50,100,100,0,2,0,0
551,551,27,20,50,50,100,100,1,0,0,0
552,552,27,20,50,50,100,100,2,0,0,0
553,553,27,20,50,50,100,100,3,0,0,1
554,554,27,20,50,50,100,100,4,0,0,0
555,555,27,20,50,50,100,150,0,0,0,0
556,556,27,20,50,50,100,150,1,1,0,0
557,557,27,20,50,50,100,150,2,0,0,0
558,558,27,20,50,50,100,150,3,1,0,0
559,559,27,20,50,50,100,150,4,0,0,0
560,560,28,20,50,50,100,0,0,100,0,0
561,561,28,20,50,50,100,0,1,100,0,0
562,562,28,20,50,50,100,0,2,100,0,0
563,563,28,20,50,50,100,0,3,100,0,0
564,564,28,20,50,50,100,0,4,100,0,0
565,565,28,20,50,50,100,50,0,0,0,6
566,566,28,20,50,50,100,50,1,1,0,4
567,567,28,20,50,50,100,50,2,0,0,0
568,568,28,20,50,50,100,50,3,1,0,1
569,569,28,20,50,50,100,50,4,2,0,1
570,570,28,20,50,50,100,100,0,0,0,2
571,571,28,20,50,50,100,100,1,0,0,0
572,572,28,20,50,50,100,100,2,1,0,0
573,573,28,20,50,50,100,100,3,0,0,0
574,574,28,20,50,50,100,100,4,1,0,2
575,575,28,20,50,50,100,150,0,0,0,0
576,576,28,20,50,50,100,150,1,0,0,0
577,577,28,20,50,50,100,150,2,0,0,0
578,578,28,20,50,50,100,150,3,1,0,0
579,579,28,20,50,50,100,150,4,0,0,0
580,580,29,20,50,50,100,0,0,100,0,0
581,581,29,20,50,50,100,0,1,100,0,0
582,582,29,20,50,50,100,0,2,100,0,0
583,583,29,20,50,50,100,0,3,100,0,0
584,584,29,20,50,50,100,0,4,100,0,0
585,585,29,20,50,50,100,50,0,0,0,19
586,586,29,20,50,50,100,50,1,1,0,8
587,587,29,20,50,50,100,50,2,2,0,0
588,588,29,20,50,50,100,50,3,0,0,0
589,589,29,20,50,50,100,50,4,1,0,0
590,590,29,20,50,50,100,100,0,0,0,0
591,591,29,20,50,50,100,100,1,3,0,0
592,592,29,20,50,50,100,100,2,0,0,4
593,593,29,20,50,50,100,100,3,0,0,0
594,594,29,20,50,50,100,100,4,1,0,0
595,595,29,20,50,50,100,150,0,0,0,0
596,596,29,20,50,50,100,150,1,0,0,0
597,597,29,20,50,50,100,150,2,0,0,2
598,598,29,20,50,50,100,150,3,0,0,0
599,599,29,20,50,50,100,150,4,0,0,0
600,600,30,20,50,50,100,0,0,100,0,0
601,601,30,20,50,50,100,0,1,100,0,0
602,602,30,20,50,50,100,0,2,100,0,0
603,603,30,20,50,50,100,0,3,100,0,0
604,604,30,20,50,50,100,0,4,100,0,0
605,605,30,20,50,50,100,50,0,0,0,2
606,606,30,20,50,50,100,50,1,1,0,0
607,607,30,20,50,50,100,50,2,0,0,8
608,608,30,20,50,50,100,50,3,1,0,0
609,609,30,20,50,50,100,50,4,1,0,4
610,610,30,20,50,50,100,100,0,1,0,3
611,611,30,20,50,50,100,100,1,0,0,0
612,612,30,20,50,50,100,100,2,0,0,0
613,613,30,20,50,50,100,100,3,0,0,2
614,614,30,20,50,50,100,100,4,0,0,2
615,615,30,20,50,50,100,150,0,0,0,0
616,616,30,20,50,50,100,150,1,1,0,0
617,617,30,20,50,50,100,150,2,1,0,0
618,618,30,20,50,50,100,150,3,0,0,0
619,619,30,20,50,50,100,150,4,5,0,0
620,620,31,20,50,50,100,0,0,100,0,0
621,621,31,20,50,50,100,0,1,100,0,0
622,622,31,20,50,50,100,0,2,100,0,0
623,623,31,20,50,50,100,0,3,100,0,0
624,624,31,20,50,50,100,0,4,100,0,0
625,625,31,20,50,50,100,50,0,0,0,4
626,626,31,20,50,50,100,50,1,0,0,3
627,627,31,20,50,50,100,50,2,0,0,3
628,628,31,20,50,50,100,50,3,0,0,0
629,629,31,20,50,50,100,50,4,0,0,3
630,630,31,20,50,50,100,100,0,0,0,0
631,631,31,20,50,50,100,100,1,0,0,0
632,632,31,20,50,50,100,100,2,0,0,0
633,633,31,20,50,50,100,100,3,1,0,0
634,634,31,20,50,50,100,100,4,2,0,0
635,635,31,20,50,50,100,150,0,0,0,1
636,636,31,20,50,50,100,150,1,0,0,0
637,637,31,20,50,50,100,150,2,1,0,0
638,638,31,20,50,50,100,150,3,0,0,0
639,639,31,20,50,50,100,150,4,0,0,5
640,640,32,20,50,50,100,0,0,100,0,0
641,641,32,20,50,50,100,0,1,100,0,0
642,642,32,20,50,50,100,0,2,100,0,0
643,643,32,20,50,50,100,0,3,100,0,0
644,644,32,20,50,50,100,0,4,100,0,0
645,645,32,20,50,50,100,50,0,0,0,6
646,646,32,20,50,50,100,50,1,0,0,4
647,647,32,20,50,50,100,50,2,0,0,0
648,648,32,20,50,50,100,50,3,1,0,3
649,649,32,20,50,50,100,50,4,1,0,5
650,650,32,20,50,50,100,100,0,0,0,0
651,651,32,20,50,50,100,100,1,1,0,0
652,652,32,20,50,50,100,100,2,0,0,0
653,653,32,20,50,50,100,100,3,0,0,0
654,654,32,20,50,50,100,100,4,0,0,2
655,655,32,20,50,50,100,150,0,0,0,0
656,656,32,20,50,50,100,150,1,0,0,0
657,657,32,20,50,50,100,150,2,0,0,0
658,658,32,20,50,50,100,150,3,0,0,0
659,659,32,20,50,50,100,150,4,0,0,0
660,660,33,20,50,50,100,0,0,100,0,0
661,661,33,20,50,50,100,0,1,100,0,0
662,662,33,20,50,50,100,0,2,100,0,0
663,663,33,20,50,50,100,0,3,100,0,0
664,664,33,20,50,50,100,0,4,100,0,0
665,665,33,20,50,50,100,50,0,0,0,0
666,666,33,20,50,50,100,50,1,0,0,0
667,667,33,20,50,50,100,50,2,0,0,1
668,668,33,20,50,50,100,50,3,1,0,10
669,669,33,20,50,50,100,50,4,0,0,0
670,670,33,20,50,50,100,100,0,1,0,0
671,671,33,20,50,50,100,100,1,0,0,0
672,672,33,20,50,50,100,100,2,0,0,1
673,673,33,20,50,50,100,100,3,1,0,0
674,674,33,20,50,50,100,100,4,0,0,9
675,675,33,20,50,50,100,150,0,2,0,0
676,676,33,20,50,50,100,150,1,0,0,0
677,677,33,20,50,50,100,150,2,0,0,0
678,678,33,20,50,50,100,150,3,0,0,0
679,679,33,20,50,50,100,150,4,0,0,1
680,680,34,20,50,50,100,0,0,100,0,0
681,681,34,20,50,50,100,0,1,100,0,0
682,682,34,20,50,50,100,0,2,100,0,0
683,683,34,20,50,50,100,0,3,100,0,0
684,684,34,20,50,50,100,0,4,100,0,0
685,685,34,20,50,50,100,50,0,0,0,1
686,686,34,20,50,50,100,50,1,1,0,0
687,687,34,20,50,50,100,50,2,3,0,0
688,688,34,20,50,50,100,50,3,0,0,2
689,689,34,20,50,50,100,50,4,0,0,0
690,690,34,20,50,50,100,100,0,0,0,0
691,691,34,20,50,50,100,100,1,0,0,1
692,692,34,20,50,50,100,100,2,2,0,0
693,693,34,20,50,50,100,100,3,0,0,1
694,694,34,20,50,50,100,100,4,0,0,4
695,695,34,20,50,50,100,150,0,0,0,0
696,696,34,20,50,50,100,150,1,0,0,0
697,697,34,20,50,50,100,150,2,0,0,0
698,698,34,20,50,50,100,150,3,0,0,0
699,699,34,20,50,50,100,150,4,0,0,0
700,700,35,20,50,50,100,0,0,100,0,0
701,701,35,20,50,50,100,0,1,100,0,0
702,702,35,20,50,50,100,0,2,100,0,0
703,703,35,20,50,50,100,0,3,100,0,0
704,704,35,20,50,50,100,0,4,100,0,0
705,705,35,20,50,50,100,50,0,0,0,0
706,706,35,20,50,50,100,50,1,0,0,1
707,707,35,20,50,50,100,50,2,0,0,0
708,708,35,20,50,50,100,50,3,0,0,5
709,709,35,20,50,50,100,50,4,0,0,4
710,710,35,20,50,50,100,100,0,2,0,0
711,711,35,20,50,50,100,100,1,0,0,0
712,712,35,20,50,50,100,100,2,2,0,0
713,713,35,20,50,50,100,100,3,0,0,0
714,714,35,20,50,50,100,100,4,5,0,0
715,715,35,20,50,50,100,150,0,0,0,0
716,716,35,20,50,50,100,150,1,0,0,0
717,717,35,20,50,50,100,150,2,0,0,0
718,718,35,20,50,50,100,150,3,0,0,0
719,719,35,20,50,50,100,150,4,1,0,0
720,720,36,20,50,50,100,0,0,100,0,0
721,721,36,20,50,50,100,0,1,100,0,0
722,722,36,20,50,50,100,0,2,100,0,0
723,723,36,20,50,50,100,0,3,100,0,0
724,724,36,20,50,50,100,0,4,100,0,0
725,725,36,20,50,50,100,50,0,1,0,5
726,726,36,20,50,50,100,50,1,3,0,3
727,727,36,20,50,50,100,50,2,0,0,0
728,728,36,20,50,50,100,50,3,0,0,1
729,729,36,20,50,50,100,50,4,0,0,7
730,730,36,20,50,50,100,100,0,1,0,0
731,731,36,20,50,50,100,100,1,0,0,0
732,732,36,20,50,50,100,100,2,0,0,0
733,733,36,20,50,50,100,100,3,0,0,0
734,734,36,20,50,50,100,100,4,0,0,0
735,735,36,20,50,50,100,150,0,0,0,0
736,736,36,20,50,50,100,150,1,1,0,0
737,737,36,20,50,50,100,150,2,0,0,4
738,738,36,20,50,50,100,150,3,0,0,2
739,739,36,20,50,50,100,150,4,2,0,1
740,740,37,20,50,50,100,0,0,100,0,0
741,741,37,20,50,50,100,0,1,100,0,0
742,742,37,20,50,50,100,0,2,100,0,0
743,743,37,20,50,50,100,0,3,100,0,0
744,744,37,20,50,50,100,0,4,100,0,0
745,745,37,20,50,50,100,50,0,1,0,0
746,746,37,20,50,50,100,50,1,0,0,0
747,747,37,20,50,50,100,50,2,0,0,0
748,748,37,20,50,50,100,50,3,0,0,0
749,749,37,20,50,50,100,50,4,0,0,0
750,750,37,20,50,50,100,100,0,1,0,6
751,751,37,20,50,50,100,100,1,0,0,0
752,752,37,20,50,50,100,100,2,0,0,0
753,753,37,20,50,50,100,100,3,1,0,0
754,754,37,20,50,50,100,100,4,0,0,4
755,755,37,20,50,50,100,150,0,0,0,0
756,756,37,20,50,50,100,150,1,1,0,0
757,757,37,20,50,50,100,150,2,0,0,0
758,758,37,20,50,50,100,150,3,1,0,0
759,759,37,20,50,50,100,150,4,0,0,0
760,760,38,20,50,50,100,0,0,100,0,0
761,761,38,20,50,50,100,0,1,100,0,0
762,762,38,20,50,50,100,0,2,100,0,0
763,763,38,20,50,50,100,0,3,100,0,0
764,764,38,20,50,50,100,0,4,100,0,0
765,765,38,20,50,50,100,50,0,0,0,0
766,766,38,20,50,50,100,50,1,0,0,4
767,767,38,20,50,50,100,50,2,0,0,2
768,768,38,20,50,50,100,50,3,0,0,0
769,769,38,20,50,50,100,50,4,1,0,0
770,770,38,20,50,50,100,100,0,0,0,4
771,771,38,20,50,50,100,100,1,1,0,0
772,772,38,20,50,50,100,100,2,0,0,2
773,773,38,20,50,50,100,100,3,0,0,1
774,774,38,20,50,50,100,100,4,0,0,0
775,775,38,20,50,50,100,150,0,0,0,0
776,776,38,20,50,50,100,150,1,0,0,0
777,777,38,20,50,50,100,150,2,0,0,0
778,778,38,20,50,50,100,150,3,1,0,0
779,779,38,20,50,50,100,150,4,0,0,0
780,780,39,20,50,50,100,0,0,100,0,0
781,781,39,20,50,50,100,0,1,100,0,0
782,782,39,20,50,50,100,0,2,100,0,0
783,783,39,20,50,50,100,0,3,100,0,0
784,784,39,20,50,50,100,0,4,100,0,0
785,785,39,20,50,50,100,50,0,0,0,4
786,786,39,20,50,50,100,50,1,0,0,0
787,787,39,20,50,50,100,50,2,3,0,0
788,788,39,20,50,50,100,50,3,0,0,1
789,789,39,20,50,50,100,50,4,0,0,0
790,790,39,20,50,50,100,100,0,0,0,0
791,791,39,20,50,50,100,100,1,0,0,0
792,792,39,20,50,50,100,100,2,0,0,0
793,793,39,20,50,50,100,100,3,0,0,0
794,794,39,20,50,50,100,100,4,3,0,4
795,795,39,20,50,50,100,150,0,0,0,2
796,796,39,20,50,50,100,150,1,0,0,0
797,797,39,20,50,50,100,150,2,0,0,0
798,798,39,20,50,50,100,150,3,0,0,0
799,799,39,20,50,50,100,150,4,0,0,0
800,800,40,20,50,50,100,0,0,100,0,0
801,801,40,20,50,50,100,0,1,100,0,0
802,802,40,20,50,50,100,0,2,100,0,0
803,803,40,20,50,50,100,0,3,100,0,0
804,804,40,20,50,50,100,0,4,100,0,0
805,805,40,20,50,50,100,50,0,0,0,1
806,806,40,20,50,50,100,50,1,6,0,0
807,807,40,20,50,50,100,50,2,0,0,1
808,808,40,20,50,50,100,50,3,0,0,1
809,809,40,20,50,50,100,50,4,0,0,4
810,810,40,20,50,50,100,100,0,1,0,4
811,811,40,20,50,50,100,100,1,0,0,1
812,812,40,20,50,50,100,100,2,0,0,0
813,813,40,20,50,50,100,100,3,0,0,0
814,814,40,20,50,50,100,100,4,0,0,0
815,815,40,20,50,50,100,150,0,0,0,0
816,816,40,20,50,50,100,150,1,0,0,1
817,817,40,20,50,50,100,150,2,0,0,4
818,818,40,20,50,50,100,150,3,0,0,0
819,819,40,20,50,50,100,150,4,0,0,0
820,820,41,20,50,50,100,0,0,100,0,0
821,821,41,20,50,50,100,0,1,100,0,0
822,822,41,20,50,50,100,0,2,100,0,0
823,823,41,20,50,50,100,0,3,100,0,0
824,824,41,20,50,50,100,0,4,100,0,0
825,825,41,20,50,50,100,50,0,5,0,0
826,826,41,20,50,50,100,50,1,0,0,3
827,827,41,20,50,50,100,50,2,0,0,10
828,828,41,20,50,50,100,50,3,1,0,0
829,829,41,20,50,50,100,50,4,0,0,0
830,830,41,20,50,50,100,100,0,0,0,0
831,831,41,20,50,50,100,100,1,0,0,0
832,832,41,20,50,50,100,100,2,0,0,2
833,833,41,20,50,50,100,100,3,0,0,0
834,834,41,20,50,50,100,100,4,0,0,0
835,835,41,20,50,50,100,150,0,0,0,0
836,836,41,20,50,50,100,150,1,1,0,0
837,837,41,20,50,50,100,150,2,0,0,0
838,838,41,20,50,50,100,150,3,0,0,0
839,839,41,20,50,50,100,150,4,0,0,0
840,840,42,20,50,50,100,0,0,100,0,0
841,841,42,20,50,50,100,0,1,100,0,0
842,842,42,20,50,50,100,0,2,100,0,0
843,843,42,20,50,50,100,0,3,100,0,0
844,844,42,20,50,50,100,0,4,100,0,0
845,845,42,20,50,50,100,50,0,0,0,0
846,846,42,20,50,50,100,50,1,0,0,0
847,847,42,20,50,50,100,50,2,0,0,0
848,848,42,20,50,50,100,50,3,0,0,0
849,849,42,20,50,50,100,50,4,0,0,11
850,850,42,20,50,50,100,100,0,0,0,0
851,851,42,20,50,50,100,100,1,0,0,0
852,852,42,20,50,50,100,100,2,0,0,0
853,853,42,20,50,50,100,100,3,0,0,0
854,854,42,20,50,50,100,100,4,0,0,0
855,855,42,20,50,50,100,150,0,0,0,9
856,856,42,20,50,50,100,150,1,0,0,0
857,857,42,20,50,50,100,150,2,0,0,0
858,858,42,20,50,50,100,150,3,0,0,1
859,859,42,20,50,50,100,150,4,0,0,0
860,860,43,20,50,50,100,0,0,100,0,0
861,861,43,20,50,50,100,0,1,100,0,0
862,862,43,20,50,50,100,0,2,100,0,0
863,863,43,20,50,50,100,0,3,100,0,0
864,864,43,20,50,50,100,0,4,100,0,0
865,865,43,20,50,50,100,50,0,3,0,1
866,866,43,20,50,50,100,50,1,0,0,9
867,867,43,20,50,50,100,50,2,1,0,4
868,868,43,20,50,50,100,50,3,0,0,0
869,869,43,20,50,50,100,50,4,0,0,0
870,870,43,20,50,50,100,100,0,1,0,0
871,871,43,20,50,50,100,100,1,0,0,0
872,872,43,20,50,50,100,100,2,1,0,0
873,873,43,20,50,50,100,100,3,0,0,0
874,874,43,20,50,50,100,100,4,2,0,0
875,875,43,20,50,50,100,150,0,0,0,0
876,876,43,20,50,50,100,150,1,0,0,0
877,877,43,20,50,50,100,150,2,0,0,0
878,878,43,20,50,50,100,150,3,0,0,0
879,879,43,20,50,50,100,150,4,0,0,0
880,880,44,20,50,50,100,0,0,100,0,0
881,881,44,20,50,50,100,0,1,100,0,0
882,882,44,20,50,50,100,0,2,100,0,0
883,883,44,20,50,50,100,0,3,100,0,0
884,884,44,20,50,50,100,0,4,100,0,0
885,885,44,20,50,50,100,50,0,0,0,5
886,886,44,20,50,50,100,50,1,0,0,0
887,887,44,20,50,50,100,50,2,0,0,0
888,888,44,20,50,50,100,50,3,0,0,3
889,889,44,20,50,50,100,50,4,0,0,1
890,890,44,20,50,50,100,100,0,0,0,0
891,891,44,20,50,50,100,100,1,0,0,0
892,892,44,20,50,50,100,100,2,0,0,4
893,893,44,20,50,50,100,100,3,0,0,8
894,894,44,20,50,50,100,100,4,0,0,3
895,895,44,20,50,50,100,150,0,0,0,0
896,896,44,20,50,50,100,150,1,0,0,9
897,897,44,20,50,50,100,150,2,0,0,0
898,898,44,20,50,50,100,150,3,0,0,0
899,899,44,20,50,50,100,150,4,2,0,0
900,900,45,20,50,50,100,0,0,100,0,0
901,901,45,20,50,50,100,0,1,100,0,0
902,902,45,20,50,50,100,0,2,100,0,0
903,903,45,20,50,50,100,0,3,100,0,0
904,904,45,20,50,50,100,0,4,100,0,0
905,905,45,20,50,50,100,50,0,0,0,1
906,906,45,20,50,50,100,50,1,1,0,0
907,907,45,20,50,50,100,50,2,0,0,0
908,908,45,20,50,50,100,50,3,0,0,12
909,909,45,20,50,50,100,50,4,0,0,7
910,910,45,20,50,50,100,100,0,0,0,4
911,911,45,20,50,50,100,100,1,0,0,0
912,912,45,20,50,50,100,100,2,0,0,0
913,913,45,20,50,50,100,100,3,0,0,0
914,914,45,20,50,50,100,100,4,2,0,0
915,915,45,20,50,50,100,150,0,3,0,0
916,916,45,20,50,50,100,150,1,0,0,0
917,917,45,20,50,50,100,150,2,1,0,0
918,918,45,20,50,50,100,150,3,0,0,1
919,919,45,20,50,50,100,150,4,0,0,0
920,920,46,20,50,50,100,0,0,100,0,0
921,921,46,20,50,50,100,0,1,100,0,0
922,922,46,20,50,50,100,0,2,100,0,0
923,923,46,20,50,50,100,0,3,100,0,0
924,924,46,20,50,50,100,0,4,100,0,0
925,925,46,20,50,50,100,50,0,0,0,2
926,926,46,20,50,50,100,50,1,1,0,6
927,927,46,20,50,50,100,50,2,0,0,0
928,928,46,20,50,50,100,50,3,0,0,12
929,929,46,20,50,50,100,50,4,0,0,6
930,930,46,20,50,50,100,100,0,0,0,3
931,931,46,20,50,50,100,100,1,0,0,0
932,932,46,20,50,50,100,100,2,0,0,0
933,933,46,20,50,50,100,100,3,1,0,2
934,934,46,20,50,50,100,100,4,0,0,0
935,935,46,20,50,50,100,150,0,2,0,0
936,936,46,20,50,50,100,150,1,0,0,0
937,937,46,20,50,50,100,150,2,0,0,0
938,938,46,20,50,50,100,150,3,0,0,0
939,939,46,20,50,50,100,150,4,0,0,0
940,940,47,20,50,50,100,0,0,100,0,0
941,941,47,20,50,50,100,0,1,100,0,0
942,942,47,20,50,50,100,0,2,100,0,0
943,943,47,20,50,50,100,0,3,100,0,0
944,944,47,20,50,50,100,0,4,100,0,0
945,945,47,20,50,50,100,50,0,1,0,2
946,946,47,20,50,50,100,50,1,0,0,0
947,947,47,20,50,50,100,50,2,0,0,0
948,948,47,20,50,50,100,50,3,0,0,4
949,949,47,20,50,50,100,50,4,1,0,0
950,950,47,20,50,50,100,100,0,0,0,3
951,951,47,20,50,50,100,100,1,0,0,5
952,952,47,20,50,50,100,100,2,0,0,0
953,953,47,20,50,50,100,100,3,1,0,0
954,954,47,20,50,50,100,100,4,0,0,3
955,955,47,20,50,50,100,150,0,0,0,0
956,956,47,20,50,50,100,150,1,0,0,0
957,957,47,20,50,50,100,150,2,2,0,0
958,958,47,20,50,50,100,150,3,0,0,1
959,959,47,20,50,50,100,150,4,0,0,0
960,960,48,20,50,50,100,0,0,100,0,0
961,961,48,20,50,50,100,0,1,100,0,0
962,962,48,20,50,50,100,0,2,100,0,0
963,963,48,20,50,50,100,0,3,100,0,0
964,964,48,20,50,50,100,0,4,100,0,0
965,965,48,20,50,50,100,50,0,0,0,1
966,966,48,20,50,50,100,50,1,0,0,0
967,967,48,20,50,50,100,50,2,0,0,0
968,968,48,20,50,50,100,50,3,0,0,17
969,969,48,20,50,50,100,50,4,1,0,7
970,970,48,20,50,50,100,100,0,0,0,0
971,971,48,20,50,50,100,100,1,0,0,0
972,972,48,20,50,50,100,100,2,1,0,0
973,973,48,20,50,50,100,100,3,0,0,0
974,974,48,20,50,50,100,100,4,0,0,0
975,975,48,20,50,50,100,150,0,1,0,0
976,976,48,20,50,50,100,150,1,0,0,0
977,977,48,20,50,50,100,150,2,0,0,0
978,978,48,20,50,50,100,150,3,0,0,0
979,979,48,20,50,50,100,150,4,1,0,0
980,980,49,20,50,50,100,0,0,100,0,0
981,981,49,20,50,50,100,0,1,100,0,0
982,982,49,20,50,50,100,0,2,100,0,0
983,983,49,20,50,50,100,0,3,100,0,0
984,984,49,20,50,50,100,0,4,100,0,0
985,985,49,20,50,50,100,50,0,0,0,0
986,986,49,20,50,50,100,50,1,3,0,6
987,987,49,20,50,50,100,50,2,0,0,2
988,988,49,20,50,50,100,50,3,0,0,0
989,989,49,20,50,50,100,50,4,4,0,0
990,990,49,20,50,50,100,100,0,0,0,0
991,991,49,20,50,50,100,100,1,0,0,0
992,992,49,20,50,50,100,100,2,0,0,0
993,993,49,20,50,50,100,100,3,0,0,0
994,994,49,20,50,50,100,100,4,4,0,0
995,995,49,20,50,50,100,150,0,0,0,0
996,996,49,20,50,50,100,150,1,0,0,0
997,997,49,20,50,50,100,150,2,0,0,0
998,998,49,20,50,50,100,150,3,3,0,0
999,999,49,20,50,50,100,150,4,0,0,0
1000,1000,50,20,50,50,100,0,0,100,0,0
1001,1001,50,20,50,50,100,0,1,100,0,0
1002,1002,50,20,50,50,100,0,2,100,0,0
1003,1003,50,20,50,50,100,0,3,100,0,0
1004,1004,50,20,50,50,100,0,4,100,0,0
1005,1005,50,20,50,50,100,50,0,3,0,0
1006,1006,50,20,50,50,100,50,1,0,0,0
1007,1007,50,20,50,50,100,50,2,0,0,6
1008,1008,50,20,50,50,100,50,3,1,0,2
1009,1009,50,20,50,50,100,50,4,0,0,3
1010,1010,50,20,50,50,100,100,0,0,0,0
1011,1011,50,20,50,50,100,100,1,0,0,0
1012,1012,50,20,50,50,100,100,2,2,0,0
1013,1013,50,20,50,50,100,100,3,0,0,15
1014,1014,50,20,50,50,100,100,4,0,0,0
1015,1015,50,20,50,50,100,150,0,0,0,0
1016,1016,50,20,50,50,100,150,1,0,0,0
1017,1017,50,20,50,50,100,150,2,0,0,0
1018,1018,50,20,50,50,100,150,3,0,0,0
1019,1019,50,20,50,50,100,150,4,1,0,0
1020,1020,51,20,50,50,100,0,0,100,0,0
1021,1021,51,20,50,50,100,0,1,100,0,0
1022,1022,51,20,50,50,100,0,2,100,0,0
1023,1023,51,20,50,50,100,0,3,100,0,0
1024,1024,51,20,50,50,100,0,4,100,0,0
1025,1025,51,20,50,50,100,50,0,0,0,4
1026,1026,51,20,50,50,100,50,1,0,0,2
1027,1027,51,20,50,50,100,50,2,0,0,0
1028,1028,51,20,50,50,100,50,3,0,0,0
1029,1029,51,20,50,50,100,50,4,0,0,1
1030,1030,51,20,50,50,100,100,0,0,0,0
1031,1031,51,20,50,50,100,100,1,0,0,6
1032,1032,51,20,50,50,100,100,2,1,0,0
1033,1033,51,20,50,50,100,100,3,2,0,6
1034,1034,51,20,50,50,100,100,4,0,0,0
1035,1035,51,20,50,50,100,150,0,0,0,0
1036,1036,51,20,50,50,100,150,1,0,0,0
1037,1037,51,20,50,50,100,150,2,0,0,0
1038,1038,51,20,50,50,100,150,3,0,0,0
1039,1039,51,20,50,50,100,150,4,1,0,0
1040,1040,52,20,50,50,100,0,0,100,0,0
1041,1041,52,20,50,50,100,0,1,100,0,0
1042,1042,52,20,50,50,100,0,2,100,0,0
1043,1043,52,20,50,50,100,0,3,100,0,0
1044,1044,52,20,50,50,100,0,4,100,0,0
1045,1045,52,20,50,50,100,50,0,0,0,3
1046,1046,52,20,50,50,100,50,1,0,0,0
1047,1047,52,20,50,50,100,50,2,0,0,4
1048,1048,52,20,50,50,100,50,3,4,0,2
1049,1049,52,20,50,50,100,50,4,0,0,2
1050,1050,52,20,50,50,100,100,0,0,0,0
1051,1051,52,20,50,50,100,100,1,0,0,0
1052,1052,52,20,50,50,100,100,2,0,0,0
1053,1053,52,20,50,50,100,100,3,0,0,0
1054,1054,52,20,50,50,100,100,4,1,0,1
1055,1055,52,20,50,50,100,150,0,0,0,4
1056,1056,52,20,50,50,100,150,1,1,0,0
1057,1057,52,20,50,50,100,150,2,0,0,0
1058,1058,52,20,50,50,100,150,3,0,0,0
1059,1059,52,20,50,50,100,150,4,0,0,0
1060,1060,53,20,50,50,100,0,0,100,0,0
1061,1061,53,20,50,50,100,0,1,100,0,0
1062,1062,53,20,50,50,100,0,2,100,0,0
1063,1063,53,20,50,50,100,0,3,100,0,0
1064,1064,53,20,50,50,100,0,4,100,0,0
1065,1065,53,20,50,50,100,50,0,0,0,11
1066,1066,53,20,50,50,100,50,1,1,0,0
1067,1067,53,20,50,50,100,50,2,1,0,10
1068,1068,53,20,50,50,100,50,3,0,0,16
1069,1069,53,20,50,50,100,50,4,1,0,6
1070,1070,53,20,50,50,100,100,0,0,0,1
1071,1071,53,20,50,50,100,100,1,0,0,0
1072,1072,53,20,50,50,100,100,2,0,0,0
1073,1073,53,20,50,50,100,100,3,0,0,0
1074,1074,53,20,50,50,100,100,4,5,0,0
1075,1075,53,20,50,50,100,150,0,0,0,0
1076,1076,53,20,50,50,100,150,1,0,0,0
1077,1077,53,20,50,50,100,150,2,0,0,0
1078,1078,53,20,50,50,100,150,3,0,0,0
1079,1079,53,20,50,50,100,150,4,0,0,0
1080,1080,54,20,50,50,100,0,0,100,0,0
1081,1081,54,20,50,50,100,0,1,100,0,0
1082,1082,54,20,50,50,100,0,2,100,0,0
1083,1083,54,20,50,50,100,0,3,100,0,0
1084,1084,54,20,50,50,100,0,4,100,0,0
1085,1085,54,20,50,50,100,50,0,0,0,6
1086,1086,54,20,50,50,100,50,1,1,0,4
1087,1087,54,20,50,50,100,50,2,4,0,0
1088,1088,54,20,50,50,100,50,3,0,0,0
1089,1089,54,20,50,50,100,50,4,0,0,1
1090,1090,54,20,50,50,100,100,0,0,0,0
1091,1091,54,20,50,50,100,100,1,1,0,0
1092,1092,54,20,50,50,100,100,2,0,0,4
1093,1093,54,20,50,50,100,100,3,1,0,0
1094,1094,54,20,50,50,100,100,4,0,0,0
1095,1095,54,20,50,50,100,150,0,1,0,0
1096,1096,54,20,50,50,100,150,1,0,0,0
1097,1097,54,20,50,50,100,150,2,0,0,0
1098,1098,54,20,50,50,100,150,3,0,0,0
1099,1099,54,20,50,50,100,150,4,0,0,0
1100,1100,55,20,50,50,100,0,0,100,0,0
1101,1101,55,20,50,50,100,0,1,100,0,0
1102,1102,55,20,50,50,100,0,2,100,0,0
1103,1103,55,20,50,50,100,0,3,100,0,0
1104,1104,55,20,50,50,100,0,4,100,0,0
1105,1105,55,20,50,50,100,50,0,0,0,0
1106,1106,55,20,50,50,100,50,1,0,0,1
1107,1107,55,20,50,50,100,50,2,0,0,0
1108,1108,55,20,50,50,100,50,3,0,0,0
1109,1109,55,20,50,50,100,50,4,1,0,9
1110,1110,55,20,50,50,100,100,0,0,0,0
1111,1111,55,20,50,50,100,100,1,0,0,0
1112,1112,55,20,50,50,100,100,2,0,0,0
1113,1113,55,20,50,50,100,100,3,0,0,0
1114,1114,55,20,50,50,100,100,4,0,0,0
1115,1115,55,20,50,50,100,150,0,0,0,0
1116,1116,55,20,50,50,100,150,1,0,0,0
1117,1117,55,20,50,50,100,150,2,0,0,0
1118,1118,55,20,50,50,100,150,3,1,0,0
1119,1119,55,20,50,50,100,150,4,0,0,0
1120,1120,56,20,50,50,100,0,0,100,0,0
1121,1121,56,20,50,50,100,0,1,100,0,0
1122,1122,56,20,50,50,100,0,2,100,0,0
1123,1123,56,20,50,50,100,0,3,100,0,0
1124,1124,56,20,50,50,100,0,4,100,0,0
1125,1125,56,20,50,50,100,50,0,1,0,0
1126,1126,56,20,50,50,100,50,1,0,0,5
1127,1127,56,20,50,50,100,50,2,1,0,0
1128,1128,56,20,50,50,100,50,3,0,0,5
1129,1129,56,20,50,50,100,50,4,0,0,0
1130,1130,56,20,50,50,100,100,0,0,0,2
1131,1131,56,20,50,50,100,100,1,1,0,0
1132,1132,56,20,50,50,100,100,2,0,0,0
1133,1133,56,20,50,50,100,100,3,1,0,0
1134,1134,56,20,50,50,100,100,4,0,0,0
1135,1135,56,20,50,50,100,150,0,0,0,0
1136,1136,56,20,50,50,100,150,1,0,0,0
1137,1137,56,20,50,50,100,150,2,1,0,0
1138,1138,56,20,50,50,100,150,3,0,0,0
1139,1139,56,20,50,50,100,150,4,0,0,4
1140,1140,57,20,50,50,100,0,0,100,0,0
1141,1141,57,20,50,50,100,0,1,100,0,0
1142,1142,57,20,50,50,100,0,2,100,0,0
1143,1143,57,20,50,50,100,0,3,100,0,0
1144,1144,57,20,50,50,100,0,4,100,0,0
1145,1145,57,20,50,50,100,50,0,0,0,0
1146,1146,57,20,50,50,100,50,1,0,0,8
1147,1147,57,20,50,50,100,50,2,1,0,0
1148,1148,57,20,50,50,100,50,3,0,0,7
1149,1149,57,20,50,50,100,50,4,0,0,0
1150,1150,57,20,50,50,100,100,0,1,0,0
1151,1151,57,20,50,50,100,100,1,0,0,0
1152,1152,57,20,50,50,100,100,2,1,0,0
1153,1153,57,20,50,50,100,100,3,0,0,0
1154,1154,57,20,50,50,100,100,4,0,0,0
1155,1155,57,20,50,50,100,150,0,0,0,0
1156,1156,57,20,50,50,100,150,1,0,0,0
1157,1157,57,20,50,50,100,150,2,0,0,1
1158,1158,57,20,50,50,100,150,3,0,0,0
1159,1159,57,20,50,50,100,150,4,0,0,0
1160,1160,58,20,50,50,100,0,0,100,0,0
1161,1161,58,20,50,50,100,0,1,100,0,0
1162,1162,58,20,50,50,100,0,2,100,0,0
1163,1163,58,20,50,50,100,0,3,100,0,0
1164,1164,58,20,50,50,100,0,4,100,0,0
1165,1165,58,20,50,50,100,50,0,0,0,0
1166,1166,58,20,50,50,100,50,1,0,0,1
1167,1167,58,20,50,50,100,50,2,1,0,0
1168,1168,58,20,50,50,100,50,3,0,0,2
1169,1169,58,20,50,50,100,50,4,1,0,0
1170,1170,58,20,50,50,100,100,0,1,0,0
1171,1171,58,20,50,50,100,100,1,0,0,0
1172,1172,58,20,50,50,100,100,2,4,0,0
1173,1173,58,20,50,50,100,100,3,0,0,0
1174,1174,58,20,50,50,100,100,4,1,0,4
1175,1175,58,20,50,50,100,150,0,1,0,0
1176,1176,58,20,50,50,100,150,1,0,0,0
1177,1177,58,20,50,50,100,150,2,0,0,0
1178,1178,58,20,50,50,100,150,3,0,0,0
1179,1179,58,20,50,50,100,150,4,1,0,0
1180,1180,59,20,50,50,100,0,0,100,0,0
1181,1181,59,20,50,50,100,0,1,100,0,0
1182,1182,59,20,50,50,100,0,2,100,0,0
1183,1183,59,20,50,50,100,0,3,100,0,0
1184,1184,59,20,50,50,100,0,4,100,0,0
1185,1185,59,20,50,50,100,50,0,1,0,0
1186,1186,59,20,50,50,100,50,1,0,0,4
1187,1187,59,20,50,50,100,50,2,0,0,3
1188,1188,59,20,50,50,100,50,3,0,0,1
1189,1189,59,20,50,50,100,50,4,3,0,8
1190,1190,59,20,50,50,100,100,0,0,0,3
1191,1191,59,20,50,50,100,100,1,1,0,4
1192,1192,59,20,50,50,100,100,2,0,0,0
1193,1193,59,20,50,50,100,100,3,0,0,0
1194,1194,59,20,50,50,100,100,4,0,0,0
1195,1195,59,20,50,50,100,150,0,0,0,2
1196,1196,59,20,50,50,100,150,1,1,0,0
1197,1197,59,20,50,50,100,150,2,0,0,0
1198,1198,59,20,50,50,100,150,3,0,0,0
1199,1199,59,20,50,50,100,150,4,0,0,0
1200,1200,60,20,50,50,100,0,0,100,0,0
1201,1201,60,20,50,50,100,0,1,100,0,0
1202,1202,60,20,50,50,100,0,2,100,0,0
1203,1203,60,20,50,50,100,0,3,100,0,0
1204,1204,60,20,50,50,100,0,4,100,0,0
1205,1205,60,20,50,50,100,50,0,1,0,2
1206,1206,60,20,50,50,100,50,1,0,0,2
1207,1207,60,20,50,50,100,50,2,0,0,0
1208,1208,60,20,50,50,100,50,3,0,0,5
1209,1209,60,20,50,50,100,50,4,0,0,1
1210,1210,60,20,50,50,100,100,0,1,0,0
1211,1211,60,20,50,50,100,100,1,0,0,4
1212,1212,60,20,50,50,100,100,2,0,0,0
1213,1213,60,20,50,50,100,100,3,0,0,0
1214,1214,60,20,50,50,100,100,4,0,0,0
1215,1215,60,20,50,50,100,150,0,0,0,0
1216,1216,60,20,50,50,100,150,1,0,0,0
1217,1217,60,20,50,50,100,150,2,0,0,0
1218,1218,60,20,50,50,100,150,3,0,0,0
1219,1219,60,20,50,50,100,150,4,1,0,0
1220,1220,61,20,50,50,100,0,0,100,0,0
1221,1221,61,20,50,50,100,0,1,100,0,0
1222,1222,61,20,50,50,100,0,2,100,0,0
1223,1223,61,20,50,50,100,0,3,100,0,0
1224,1224,61,20,50,50,100,0,4,100,0,0
1225,1225,61,20,50,50,100,50,0,0,0,0
1226,1226,61,20,50,50,100,50,1,1,0,7
1227,1227,61,20,50,50,100,50,2,1,0,3
1228,1228,61,20,50,50,100,50,3,0,0,2
1229,1229,61,20,50,50,100,50,4,0,0,1
1230,1230,61,20,50,50,100,100,0,0,0,0
1231,1231,61,20,50,50,100,100,1,0,0,0
1232,1232,61,20,50,50,100,100,2,0,0,0
1233,1233,61,20,50,50,100,100,3,0,0,0
1234,1234,61,20,50,50,100,100,4,0,0,0
1235,1235,61,20,50,50,100,150,0,0,0,0
1236,1236,61,20,50,50,100,150,1,0,0,0
1237,1237,61,20,50,50,100,150,2,0,0,3
1238,1238,61,20,50,50,100,150,3,0,0,0
1239,1239,61,20,50,50,100,150,4,0,0,0
1240,1240,62,20,50,50,100,0,0,100,0,0
1241,1241,62,20,50,50,100,0,1,100,0,0
1242,1242,62,20,50,50,100,0,2,100,0,0
1243,1243,62,20,50,50,100,0,3,100,0,0
1244,1244,62,20,50,50,100,0,4,100,0,0
1245,1245,62,20,50,50,100,50,0,0,0,0
1246,1246,62,20,50,50,100,50,1,0,0,7
1247,1247,62,20,50,50,100,50,2,0,0,0
1248,1248,62,20,50,50,100,50,3,0,0,3
1249,1249,62,20,50,50,100,50,4,2,0,5
1250,1250,62,20,50,50,100,100,0,0,0,0
1251,1251,62,20,50,50,100,100,1,0,0,0
1252,1252,62,20,50,50,100,100,2,0,0,0
1253,1253,62,20,50,50,100,100,3,0,0,0
1254,1254,62,20,50,50,100,100,4,1,0,0
1255,1255,62,20,50,50,100,150,0,1,0,1
1256,1256,62,20,50,50,100,150,1,0,0,0
1257,1257,62,20,50,50,100,150,2,2,0,0
1258,1258,62,20,50,50,100,150,3,1,0,0
1259,1259,62,20,50,50,100,150,4,0,0,0
1260,1260,63,20,50,50,100,0,0,100,0,0
1261,1261,63,20,50,50,100,0,1,100,0,0
1262,1262,63,20,50,50,100,0,2,100,0,0
1263,1263,63,20,50,50,100,0,3,100,0,0
1264,1264,63,20,50,50,100,0,4,100,0,0
1265,1265,63,20,50,50,100,50,0,0,0,2
1266,1266,63,20,50,50,100,50,1,0,0,2
1267,1267,63,20,50,50,100,50,2,1,0,5
1268,1268,63,20,50,50,100,50,3,0,0,0
1269,1269,63,20,50,50,100,50,4,3,0,8
1270,1270,63,20,50,50,100,100,0,0,0,4
1271,1271,63,20,50,50,100,100,1,0,0,0
1272,1272,63,20,50,50,100,100,2,0,0,0
1273,1273,63,20,50,50,100,100,3,0,0,0
1274,1274,63,20,50,50,100,100,4,0,0,0
1275,1275,63,20,50,50,100,150,0,0,0,0
1276,1276,63,20,50,50,100,150,1,0,0,0
1277,1277,63,20,50,50,100,150,2,1,0,0
1278,1278,63,20,50,50,100,150,3,2,0,0
1279,1279,63,20,50,50,100,150,4,0,0,0
1280,1280,64,20,50,50,100,0,0,100,0,0
1281,1281,64,20,50,50,100,0,1,100,0,0
1282,1282,64,20,50,50,100,0,2,100,0,0
1283,1283,64,20,50,50,100,0,3,100,0,0
1284,1284,64,20,50,50,100,0,4,100,0,0
1285,1285,64,20,50,50,100,50,0,0,0,2
1286,1286,64,20,50,50,100,50,1,2,0,1
1287,1287,64,20,50,50,100,50,2,1,0,0
1288,1288,64,20,50,50,100,50,3,0,0,3
1289,1289,64,20,50,50,100,50,4,2,0,0
1290,1290,64,20,50,50,100,100,0,0,0,0
1291,1291,64,20,50,50,100,100,1,0,0,0
1292,1292,64,20,50,50,100,100,2,0,0,0
1293,1293,64,20,50,50,100,100,3,0,0,0
1294,1294,64,20,50,50,100,100,4,1,0,6
1295,1295,64,20,50,50,100,150,0,0,0,0
1296,1296,64,20,50,50,100,150,1,0,0,0
1297,1297,64,20,50,50,100,150,2,5,0,0
1298,1298,64,20,50,50,100,150,3,0,0,0
1299,1299,64,20,50,50,100,150,4,0,0,0
1300,1300,65,20,50,50,100,0,0,100,0,0
1301,1301,65,20,50,50,100,0,1,100,0,0
1302,1302,65,20,50,50,100,0,2,100,0,0
1303,1303,65,20,50,50,100,0,3,100,0,0
1304,1304,65,20,50,50,100,0,4,100,0,0
1305,1305,65,20,50,50,100,50,0,0,0,2
1306,1306,65,20,50,50,100,50,1,0,0,0
1307,1307,65,20,50,50,100,50,2,0,0,0
1308,1308,65,20,50,50,100,50,3,1,0,4
1309,1309,65,20,50,50,100,50,4,0,0,1
1310,1310,65,20,50,50,100,100,0,1,0,0
1311,1311,65,20,50,50,100,100,1,1,0,0
1312,1312,65,20,50,50,100,100,2,0,0,0
1313,1313,65,20,50,50,100,100,3,4,0,0
1314,1314,65,20,50,50,100,100,4,1,0,0
1315,1315,65,20,50,50,100,150,0,3,0,0
1316,1316,65,20,50,50,100,150,1,0,0,0
1317,1317,65,20,50,50,100,150,2,1,1,1
1318,1318,65,20,50,50,100,150,3,1,0,0
1319,1319,65,20,50,50,100,150,4,0,0,0
1320,1320,66,20,50,50,100,0,0,100,0,0
1321,1321,66,20,50,50,100,0,1,100,0,0
1322,1322,66,20,50,50,100,0,2,100,0,0
1323,1323,66,20,50,50,100,0,3,100,0,0
1324,1324,66,20,50,50,100,0,4,100,0,0
1325,1325,66,20,50,50,100,50,0,0,0,12
1326,1326,66,20,50,50,100,50,1,2,0,1
1327,1327,66,20,50,50,100,50,2,0,0,4
1328,1328,66,20,50,50,100,50,3,0,0,0
1329,1329,66,20,50,50,100,50,4,0,0,10
1330,1330,66,20,50,50,100,100,0,0,0,0
1331,1331,66,20,50,50,100,100,1,4,0,0
1332,1332,66,20,50,50,100,100,2,0,0,0
1333,1333,66,20,50,50,100,100,3,0,0,1
1334,1334,66,20,50,50,100,100,4,0,0,0
1335,1335,66,20,50,50,100,150,0,2,0,0
1336,1336,66,20,50,50,100,150,1,1,0,0
1337,1337,66,20,50,50,100,150,2,0,0,0
1338,1338,66,20,50,50,100,150,3,1,0,0
1339,1339,66,20,50,50,100,150,4,0,0,0
1340,1340,67,20,50,50,100,0,0,100,0,0
1341,1341,67,20,50,50,100,0,1,100,0,0
1342,1342,67,20,50,50,100,0,2,100,0,0
1343,1343,67,20,50,50,100,0,3,100,0,0
1344,1344,67,20,50,50,100,0,4,100,0,0
1345,1345,67,20,50,50,100,50,0,0,0,0
1346,1346,67,20,50,50,100,50,1,0,0,0
1347,1347,67,20,50,50,100,50,2,1,0,0
1348,1348,67,20,50,50,100,50,3,1,0,0
1349,1349,67,20,50,50,100,50,4,0,0,4
1350,1350,67,20,50,50,100,100,0,0,0,2
1351,1351,67,20,50,50,100,100,1,1,0,4
1352,1352,67,20,50,50,100,100,2,1,0,0
1353,1353,67,20,50,50,100,100,3,0,0,0
1354,1354,67,20,50,50,100,100,4,0,0,1
1355,1355,67,20,50,50,100,150,0,0,0,4
1356,1356,67,20,50,50,100,150,1,1,0,0
1357,1357,67,20,50,50,100,150,2,1,0,0
1358,1358,67,20,50,50,100,150,3,0,0,1
1359,1359,67,20,50,50,100,150,4,0,0,0
1360,1360,68,20,50,50,100,0,0,100,0,0
1361,1361,68,20,50,50,100,0,1,100,0,0
1362,1362,68,20,50,50,100,0,2,100,0,0
1363,1363,68,20,50,50,100,0,3,100,0,0
1364,1364,68,20,50,50,100,0,4,100,0,0
1365,1365,68,20,50,50,100,50,0,1,0,2
1366,1366,68,20,50,50,100,50,1,0,0,13
1367,1367,68,20,50,50,100,50,2,1,0,0
1368,1368,68,20,50,50,100,50,3,0,0,0
1369,1369,68,20,50,50,100,50,4,0,0,7
1370,1370,68,20,50,50,100,100,0,3,0,7
1371,1371,68,20,50,50,100,100,1,0,0,0
1372,1372,68,20,50,50,100,100,2,0,0,4
1373,1373,68,20,50,50,100,100,3,2,0,0
1374,1374,68,20,50,50,100,100,4,0,0,0
1375,1375,68,20,50,50,100,150,0,2,2,0
1376,1376,68,20,50,50,100,150,1,0,0,0
1377,1377,68,20,50,50,100,150,2,0,0,1
1378,1378,68,20,50,50,100,150,3,0,0,2
1379,1379,68,20,50,50,100,150,4,0,0,0
1380,1380,69,20,50,50,100,0,0,100,0,0
1381,1381,69,20,50,50,100,0,1,100,0,0
1382,1382,69,20,50,50,100,0,2,100,0,0
1383,1383,69,20,50,50,100,0,3,100,0,0
1384,1384,69,20,50,50,100,0,4,100,0,0
1385,1385,69,20,50,50,100,50,0,0,0,6
1386,1386,69,20,50,50,100,50,1,0,1,5
1387,1387,69,20,50,50,100,50,2,4,0,0
1388,1388,69,20,50,50,100,50,3,0,0,6
1389,1389,69,20,50,50,100,50,4,0,0,2
1390,1390,69,20,50,50,100,100,0,0,0,5
1391,1391,69,20,50,50,100,100,1,0,0,0
1392,1392,69,20,50,50,100,100,2,0,0,0
1393,1393,69,20,50,50,100,100,3,0,0,0
1394,1394,69,20,50,50,100,100,4,0,0,2
1395,1395,69,20,50,50,100,150,0,0,0,0
1396,1396,69,20,50,50,100,150,1,1,0,0
1397,1397,69,20,50,50,100,150,2,0,0,0
1398,1398,69,20,50,50,100,150,3,1,0,0
1399,1399,69,20,50,50,100,150,4,0,0,0
1400,1400,70,20,50,50,100,0,0,100,0,0
1401,1401,70,20,50,50,100,0,1,100,0,0
1402,1402,70,20,50,50,100,0,2,100,0,0
1403,1403,70,20,50,50,100,0,3,100,0,0
1404,1404,70,20,50,50,100,0,4,100,0,0
1405,1405,70,20,50,50,100,50,0,4,0,7
1406,1406,70,20,50,50,100,50,1,1,0,0
1407,1407,70,20,50,50,100,50,2,0,0,0
1408,1408,70,20,50,50,100,50,3,0,0,12
1409,1409,70,20,50,50,100,50,4,0,0,6
1410,1410,70,20,50,50,100,100,0,1,0,0
1411,1411,70,20,50,50,100,100,1,0,0,0
1412,1412,70,20,50,50,100,100,2,0,0,0
1413,1413,70,20,50,50,100,100,3,5,0,5
1414,1414,70,20,50,50,100,100,4,1,0,0
1415,1415,70,20,50,50,100,150,0,0,0,0
1416,1416,70,20,50,50,100,150,1,1,0,0
1417,1417,70,20,50,50,100,150,2,1,0,0
1418,1418,70,20,50,50,100,150,3,0,0,5
1419,1419,70,20,50,50,100,150,4,1,0,0
1420,1420,71,20,50,50,100,0,0,100,0,0
1421,1421,71,20,50,50,100,0,1,100,0,0
1422,1422,71,20,50,50,100,0,2,100,0,0
1423,1423,71,20,50,50,100,0,3,100,0,0
1424,1424,71,20,50,50,100,0,4,100,0,0
1425,1425,71,20,50,50,100,50,0,0,0,0
1426,1426,71,20,50,50,100,50,1,0,0,0
1427,1427,71,20,50,50,100,50,2,0,0,5
1428,1428,71,20,50,50,100,50,3,0,0,0
1429,1429,71,20,50,50,100,50,4,0,0,10
1430,1430,71,20,50,50,100,100,0,0,0,0
1431,1431,71,20,50,50,100,100,1,1,0,0
1432,1432,71,20,50,50,100,100,2,0,0,0
1433,1433,71,20,50,50,100,100,3,0,0,0
1434,1434,71,20,50,50,100,100,4,0,0,1
1435,1435,71,20,50,50,100,150,0,1,0,0
1436,1436,71,20,50,50,100,150,1,1,0,0
1437,1437,71,20,50,50,100,150,2,0,0,0
1438,1438,71,20,50,50,100,150,3,0,0,0
1439,1439,71,20,50,50,100,150,4,0,0,0
1440,1440,72,20,50,50,100,0,0,100,0,0
1441,1441,72,20,50,50,100,0,1,100,0,0
1442,1442,72,20,50,50,100,0,2,100,0,0
1443,1443,72,20,50,50,100,0,3,100,0,0
1444,1444,72,20,50,50,100,0,4,100,0,0
1445,1445,72,20,50,50,100,50,0,0,0,0
1446,1446,72,20,50,50,100,50,1,0,0,10
1447,1447,72,20,50,50,100,50,2,1,0,1
1448,1448,72,20,50,50,100,50,3,0,0,1
1449,1449,72,20,50,50,100,50,4,0,0,0
1450,1450,72,20,50,50,100,100,0,0,0,0
1451,1451,72,20,50,50,100,100,1,0,0,0
1452,1452,72,20,50,50,100,100,2,0,0,0
1453,1453,72,20,50,50,100,100,3,0,0,6
1454,1454,72,20,50,50,100,100,4,0,0,0
1455,1455,72,20,50,50,100,150,0,0,0,0
1456,1456,72,20,50,50,100,150,1,1,0,1
1457,1457,72,20,50,50,100,150,2,1,0,3
1458,1458,72,20,50,50,100,150,3,0,0,6
1459,1459,72,20,50,50,100,150,4,0,0,0
1460,1460,73,20,50,50,100,0,0,100,0,0
1461,1461,73,20,50,50,100,0,1,100,0,0
1462,1462,73,20,50,50,100,0,2,100,0,0
1463,1463,73,20,50,50,100,0,3,100,0,0
1464,1464,73,20,50,50,100,0,4,100,0,0
1465,1465,73,20,50,50,100,50,0,1,0,6
1466,1466,73,20,50,50,100,50,1,0,0,1
1467,1467,73,20,50,50,100,50,2,0,0,3
1468,1468,73,20,50,50,100,50,3,1,0,3
1469,1469,73,20,50,50,100,50,4,0,0,3
1470,1470,73,20,50,50,100,100,0,0,0,1
1471,1471,73,20,50,50,100,100,1,2,0,0
1472,1472,73,20,50,50,100,100,2,1,0,0
1473,1473,73,20,50,50,100,100,3,1,0,2
1474,1474,73,20,50,50,100,100,4,1,0,0
1475,1475,73,20,50,50,100,150,0,0,0,0
1476,1476,73,20,50,50,100,150,1,0,0,0
1477,1477,73,20,50,50,100,150,2,0,0,0
1478,1478,73,20,50,50,100,150,3,1,0,0
1479,1479,73,20,50,50,100,150,4,0,0,0
1480,1480,74,20,50,50,100,0,0,100,0,0
1481,1481,74,20,50,50,100,0,1,100,0,0
1482,1482,74,20,50,50,100,0,2,100,0,0
1483,1483,74,20,50,50,100,0,3,100,0,0
1484,1484,74,20,50,50,100,0,4,100,0,0
1485,1485,74,20,50,50,100,50,0,0,0,0
1486,1486,74,20,50,50,100,50,1,0,0,4
1487,1487,74,20,50,50,100,50,2,1,0,14
1488,1488,74,20,50,50,100,50,3,3,0,6
1489,1489,74,20,50,50,100,50,4,0,0,0
1490,1490,74,20,50,50,100,100,0,0,0,0
1491,1491,74,20,50,50,100,100,1,0,0,0
1492,1492,74,20,50,50,100,100,2,0,0,2
1493,1493,74,20,50,50,100,100,3,1,0,6
1494,1494,74,20,50,50,100,100,4,0,0,0
1495,1495,74,20,50,50,100,150,0,0,0,0
1496,1496,74,20,50,50,100,150,1,0,0,1
1497,1497,74,20,50,50,100,150,2,0,0,1
1498,1498,74,20,50,50,100,150,3,0,0,0
1499,1499,74,20,50,50,100,150,4,1,0,0
1500,1500,75,20,50,50,100,0,0,100,0,0
1501,1501,75,20,50,50,100,0,1,100,0,0
1502,1502,75,20,50,50,100,0,2,100,0,0
1503,1503,75,20,50,50,100,0,3,100,0,0
1504,1504,75,20,50,50,100,0,4,100,0,0
1505,1505,75,20,50,50,100,50,0,0,0,3
1506,1506,75,20,50,50,100,50,1,0,0,4
1507,1507,75,20,50,50,100,50,2,2,0,7
1508,1508,75,20,50,50,100,50,3,4,0,6
1509,1509,75,20,50,50,100,50,4,0,0,0
1510,1510,75,20,50,50,100,100,0,2,0,1
1511,1511,75,20,50,50,100,100,1,0,0,6
1512,1512,75,20,50,50,100,100,2,0,0,0
1513,1513,75,20,50,50,100,100,3,1,0,0
1514,1514,75,20,50,50,100,100,4,1,0,0
1515,1515,75,20,50,50,100,150,0,0,0,0
1516,1516,75,20,50,50,100,150,1,0,0,0
1517,1517,75,20,50,50,100,150,2,2,0,0
1518,1518,75,20,50,50,100,150,3,0,0,0
1519,1519,75,20,50,50,100,150,4,0,0,0
1520,1520,76,20,50,50,100,0,0,100,0,0
1521,1521,76,20,50,50,100,0,1,100,0,0
1522,1522,76,20,50,50,100,0,2,100,0,0
1523,1523,76,20,50,50,100,0,3,100,0,0
1524,1524,76,20,50,50,100,0,4,100,0,0
1525,1525,76,20,50,50,100,50,0,1,0,0
1526,1526,76,20,50,50,100,50,1,0,0,0
1527,1527,76,20,50,50,100,50,2,1,0,1
1528,1528,76,20,50,50,100,50,3,3,0,0
1529,1529,76,20,50,50,100,50,4,0,0,4
1530,1530,76,20,50,50,100,100,0,0,0,0
1531,1531,76,20,50,50,100,100,1,0,0,0
1532,1532,76,20,50,50,100,100,2,2,0,0
1533,1533,76,20,50,50,100,100,3,0,0,1
1534,1534,76,20,50,50,100,100,4,0,0,0
1535,1535,76,20,50,50,100,150,0,0,0,0
1536,1536,76,20,50,50,100,150,1,0,0,0
1537,1537,76,20,50,50,100,150,2,0,0,0
1538,1538,76,20,50,50,100,150,3,0,0,0
1539,1539,76,20,50,50,100,150,4,0,0,0
1540,1540,77,20,50,50,100,0,0,100,0,0
1541,1541,77,20,50,50,100,0,1,100,0,0
1542,1542,77,20,50,50,100,0,2,100,0,0
1543,1543,77,20,50,50,100,0,3,100,0,0
1544,1544,77,20,50,50,100,0,4,100,0,0
1545,1545,77,20,50,50,100,50,0,0,0,0
1546,1546,77,20,50,50,100,50,1,0,0,8
1547,1547,77,20,50,50,100,50,2,0,0,0
1548,1548,77,20,50,50,100,50,3,1,0,4
1549,1549,77,20,50,50,100,50,4,0,0,4
1550,1550,77,20,50,50,100,100,0,0,0,0
1551,1551,77,20,50,50,100,100,1,0,0,0
1552,1552,77,20,50,50,100,100,2,0,0,5
1553,1553,77,20,50,50,100,100,3,0,0,11
1554,1554,77,20,50,50,100,100,4,0,0,3
1555,1555,77,20,50,50,100,150,0,0,0,0
1556,1556,77,20,50,50,100,150,1,0,0,0
1557,1557,77,20,50,50,100,150,2,0,0,3
1558,1558,77,20,50,50,100,150,3,0,0,0
1559,1559,77,20,50,50,100,150,4,0,0,0
1560,1560,78,20,50,50,100,0,0,100,0,0
1561,1561,78,20,50,50,100,0,1,100,0,0
1562,1562,78,20,50,50,100,0,2,100,0,0
1563,1563,78,20,50,50,100,0,3,100,0,0
1564,1564,78,20,50,50,100,0,4,100,0,0
1565,1565,78,20,50,50,100,50,0,2,0,5
1566,1566,78,20,50,50,100,50,1,13,0,4
1567,1567,78,20,50,50,100,50,2,0,0,5
1568,1568,78,20,50,50,100,50,3,0,0,0
1569,1569,78,20,50,50,100,50,4,1,0,0
1570,1570,78,20,50,50,100,100,0,1,0,0
1571,1571,78,20,50,50,100,100,1,0,0,0
1572,1572,78,20,50,50,100,100,2,0,0,0
1573,1573,78,20,50,50,100,100,3,0,0,0
1574,1574,78,20,50,50,100,100,4,0,0,1
1575,1575,78,20,50,50,100,150,0,0,0,0
1576,1576,78,20,50,50,100,150,1,0,0,0
1577,1577,78,20,50,50,100,150,2,0,0,0
1578,1578,78,20,50,50,100,150,3,1,0,0
1579,1579,78,20,50,50,100,150,4,1,0,0
1580,1580,79,20,50,50,100,0,0,100,0,0
1581,1581,79,20,50,50,100,0,1,100,0,0
1582,1582,79,20,50,50,100,0,2,100,0,0
1583,1583,79,20,50,50,100,0,3,100,0,0
1584,1584,79,20,50,50,100,0,4,100,0,0
1585,1585,79,20,50,50,100,50,0,0,0,6
1586,1586,79,20,50,50,100,50,1,0,0,6
1587,1587,79,20,50,50,100,50,2,0,0,5
1588,1588,79,20,50,50,100,50,3,0,0,0
1589,1589,79,20,50,50,100,50,4,0,0,5
1590,1590,79,20,50,50,100,100,0,0,0,1
1591,1591,79,20,50,50,100,100,1,2,0,0
1592,1592,79,20,50,50,100,100,2,1,0,1
1593,1593,79,20,50,50,100,100,3,0,0,1
1594,1594,79,20,50,50,100,100,4,0,0,0
1595,1595,79,20,50,50,100,150,0,1,0,0
1596,1596,79,20,50,50,100,150,1,0,0,0
1597,1597,79,20,50,50,100,150,2,0,0,4
1598,1598,79,20,50,50,100,150,3,0,0,0
1599,1599,79,20,50,50,100,150,4,0,0,0
1600,1600,80,20,50,50,100,0,0,100,0,0
1601,1601,80,20,50,50,100,0,1,100,0,0
1602,1602,80,20,50,50,100,0,2,100,0,0
1603,1603,80,20,50,50,100,0,3,100,0,0
1604,1604,80,20,50,50,100,0,4,100,0,0
1605,1605,80,20,50,50,100,50,0,0,0,0
1606,1606,80,20,50,50,100,50,1,0,0,0
1607,1607,80,20,50,50,100,50,2,3,0,0
1608,1608,80,20,50,50,100,50,3,0,0,5
1609,1609,80,20,50,50,100,50,4,0,0,0
1610,1610,80,20,50,50,100,100,0,0,0,0
1611,1611,80,20,50,50,100,100,1,1,0,0
1612,1612,80,20,50,50,100,100,2,0,0,0
1613,1613,80,20,50,50,100,100,3,0,0,3
1614,1614,80,20,50,50,100,100,4,0,0,0
1615,1615,80,20,50,50,100,150,0,0,0,0
1616,1616,80,20,50,50,100,150,1,0,0,1
1617,1617,80,20,50,50,100,150,2,1,0,0
1618,1618,80,20,50,50,100,150,3,0,0,0
1619,1619,80,20,50,50,100,150,4,0,0,0
1620,1620,81,20,50,50,100,0,0,100,0,0
1621,1621,81,20,50,50,100,0,1,100,0,0
1622,1622,81,20,50,50,100,0,2,100,0,0
1623,1623,81,20,50,50,100,0,3,100,0,0
1624,1624,81,20,50,50,100,0,4,100,0,0
1625,1625,81,20,50,50,100,50,0,0,0,2
1626,1626,81,20,50,50,100,50,1,2,0,0
1627,1627,81,20,50,50,100,50,2,0,0,0
1628,1628,81,20,50,50,100,50,3,0,0,1
1629,1629,81,20,50,50,100,50,4,5,0,15
1630,1630,81,20,50,50,100,100,0,0,0,0
1631,1631,81,20,50,50,100,100,1,1,0,0
1632,1632,81,20,50,50,100,100,2,0,0,0
1633,1633,81,20,50,50,100,100,3,0,0,0
1634,1634,81,20,50,50,100,100,4,0,0,0
1635,1635,81,20,50,50,100,150,0,1,0,0
1636,1636,81,20,50,50,100,150,1,0,0,0
1637,1637,81,20,50,50,100,150,2,0,0,0
1638,1638,81,20,50,50,100,150,3,0,0,0
1639,1639,81,20,50,50,100,150,4,0,0,0
1640,1640,82,20,50,50,100,0,0,100,0,0
1641,1641,82,20,50,50,100,0,1,100,0,0
1642,1642,82,20,50,50,100,0,2,100,0,0
1643,1643,82,20,50,50,100,0,3,100,0,0
1644,1644,82,20,50,50,100,0,4,100,0,0
1645,1645,82,20,50,50,100,50,0,0,0,0
1646,1646,82,20,50,50,100,50,1,0,0,0
1647,1647,82,20,50,50,100,50,2,3,0,3
1648,1648,82,20,50,50,100,50,3,0,0,0
1649,1649,82,20,50,50,100,50,4,0,0,1
1650,1650,82,20,50,50,100,100,0,0,0,0
1651,1651,82,20,50,50,100,100,1,1,0,0
1652,1652,82,20,50,50,100,100,2,0,0,2
1653,1653,82,20,50,50,100,100,3,0,0,0
1654,1654,82,20,50,50,100,100,4,0,0,0
1655,1655,82,20,50,50,100,150,0,0,0,0
1656,1656,82,20,50,50,100,150,1,0,0,4
1657,1657,82,20,50,50,100,150,2,0,0,2
1658,1658,82,20,50,50,100,150,3,0,0,0
1659,1659,82,20,50,50,100,150,4,0,0,0
1660,1660,83,20,50,50,100,0,0,100,0,0
1661,1661,83,20,50,50,100,0,1,100,0,0
1662,1662,83,20,50,50,100,0,2,100,0,0
1663,1663,83,20,50,50,100,0,3,100,0,0
1664,1664,83,20,50,50,100,0,4,100,0,0
1665,1665,83,20,50,50,100,50,0,0,0,2
1666,1666,83,20,50,50,100,50,1,2,0,1
1667,1667,83,20,50,50,100,50,2,0,0,11
1668,1668,83,20,50,50,100,50,3,1,0,10
1669,1669,83,20,50,50,100,50,4,1,0,0
1670,1670,83,20,50,50,100,100,0,0,0,0
1671,1671,83,20,50,50,100,100,1,0,0,4
1672,1672,83,20,50,50,100,100,2,0,0,0
1673,1673,83,20,50,50,100,100,3,0,0,0
1674,1674,83,20,50,50,100,100,4,0,0,1
1675,1675,83,20,50,50,100,150,0,0,0,0
1676,1676,83,20,50,50,100,150,1,1,0,0
1677,1677,83,20,50,50,100,150,2,0,0,0
1678,1678,83,20,50,50,100,150,3,0,0,1
1679,1679,83,20,50,50,100,150,4,0,0,0
1680,1680,84,20,50,50,100,0,0,100,0,0
1681,1681,84,20,50,50,100,0,1,100,0,0
1682,1682,84,20,50,50,100,0,2,100,0,0
1683,1683,84,20,50,50,100,0,3,100,0,0
1684,1684,84,20,50,50,100,0,4,100,0,0
1685,1685,84,20,50,50,100,50,0,3,0,0
1686,1686,84,20,50,50,100,50,1,0,0,16
1687,1687,84,20,50,50,100,50,2,2,0,5
1688,1688,84,20,50,50,100,50,3,0,0,0
1689,1689,84,20,50,50,100,50,4,4,0,4
1690,1690,84,20,50,50,100,100,0,0,0,0
1691,1691,84,20,50,50,100,100,1,0,0,8
1692,1692,84,20,50,50,100,100,2,0,0,0
1693,1693,84,20,50,50,100,100,3,1,0,4
1694,1694,84,20,50,50,100,100,4,0,0,0
1695,1695,84,20,50,50,100,150,0,0,0,0
1696,1696,84,20,50,50,100,150,1,0,0,1
1697,1697,84,20,50,50,100,150,2,0,0,0
1698,1698,84,20,50,50,100,150,3,0,0,0
1699,1699,84,20,50,50,100,150,4,0,0,2
1700,1700,85,20,50,50,100,0,0,100,0,0
1701,1701,85,20,50,50,100,0,1,100,0,0
1702,1702,85,20,50,50,100,0,2,100,0,0
1703,1703,85,20,50,50,100,0,3,100,0,0
1704,1704,85,20,50,50,100,0,4,100,0,0
1705,1705,85,20,50,50,100,50,0,2,0,10
1706,1706,85,20,50,50,100,50,1,0,0,0
1707,1707,85,20,50,50,100,50,2,0,0,1
1708,1708,85,20,50,50,100,50,3,0,0,0
1709,1709,85,20,50,50,100,50,4,1,0,4
1710,1710,85,20,50,50,100,100,0,0,0,0
1711,1711,85,20,50,50,100,100,1,0,0,0
1712,1712,85,20,50,50,100,100,2,2,0,0
1713,1713,85,20,50,50,100,100,3,0,0,0
1714,1714,85,20,50,50,100,100,4,0,0,0
1715,1715,85,20,50,50,100,150,0,0,0,0
1716,1716,85,20,50,50,100,150,1,0,0,0
1717,1717,85,20,50,50,100,150,2,0,0,0
1718,1718,85,20,50,50,100,150,3,0,0,0
1719,1719,85,20,50,50,100,150,4,0,0,1
1720,1720,86,20,50,50,100,0,0,100,0,0
1721,1721,86,20,50,50,100,0,1,100,0,0
1722,1722,86,20,50,50,100,0,2,100,0,0
1723,1723,86,20,50,50,100,0,3,100,0,0
1724,1724,86,20,50,50,100,0,4,100,0,0
1725,1725,86,20,50,50,100,50,0,0,0,1
1726,1726,86,20,50,50,100,50,1,7,0,0
1727,1727,86,20,50,50,100,50,2,0,0,0
1728,1728,86,20,50,50,100,50,3,0,0,0
1729,1729,86,20,50,50,100,50,4,2,0,0
1730,1730,86,20,50,50,100,100,0,0,0,0
1731,1731,86,20,50,50,100,100,1,0,0,0
1732,1732,86,20,50,50,100,100,2,1,0,0
1733,1733,86,20,50,50,100,100,3,0,0,0
1734,1734,86,20,50,50,100,100,4,0,0,1
1735,1735,86,20,50,50,100,150,0,0,0,1
1736,1736,86,20,50,50,100,150,1,0,0,2
1737,1737,86,20,50,50,100,150,2,2,0,0
1738,1738,86,20,50,50,100,150,3,1,0,0
1739,1739,86,20,50,50,100,150,4,0,0,3
1740,1740,87,20,50,50,100,0,0,100,0,0
1741,1741,87,20,50,50,100,0,1,100,0,0
1742,1742,87,20,50,50,100,0,2,100,0,0
1743,1743,87,20,50,50,100,0,3,100,0,0
1744,1744,87,20,50,50,100,0,4,100,0,0
1745,1745,87,20,50,50,100,50,0,2,0,0
1746,1746,87,20,50,50,100,50,1,0,0,0
1747,1747,87,20,50,50,100,50,2,1,0,0
1748,1748,87,20,50,50,100,50,3,2,0,0
1749,1749,87,20,50,50,100,50,4,0,0,10
1750,1750,87,20,50,50,100,100,0,0,0,8
1751,1751,87,20,50,50,100,100,1,0,0,2
1752,1752,87,20,50,50,100,100,2,0,0,0
1753,1753,87,20,50,50,100,100,3,0,0,6
1754,1754,87,20,50,50,100,100,4,2,0,1
1755,1755,87,20,50,50,100,150,0,0,0,3
1756,1756,87,20,50,50,100,150,1,2,0,0
1757,1757,87,20,50,50,100,150,2,2,0,0
1758,1758,87,20,50,50,100,150,3,0,0,0
1759,1759,87,20,50,50,100,150,4,0,0,0
1760,1760,88,20,50,50,100,0,0,100,0,0
1761,1761,88,20,50,50,100,0,1,100,0,0
1762,1762,88,20,50,50,100,0,2,100,0,0
1763,1763,88,20,50,50,100,0,3,100,0,0
1764,1764,88,20,50,50,100,0,4,100,0,0
1765,1765,88,20,50,50,100,50,0,3,0,0
1766,1766,88,20,50,50,100,50,1,1,0,19
1767,1767,88,20,50,50,100,50,2,0,0,10
1768,1768,88,20,50,50,100,50,3,0,0,0
1769,1769,88,20,50,50,100,50,4,0,0,0
1770,1770,88,20,50,50,100,100,0,1,0,0
1771,1771,88,20,50,50,100,100,1,0,0,3
1772,1772,88,20,50,50,100,100,2,3,0,0
1773,1773,88,20,50,50,100,100,3,0,0,0
1774,1774,88,20,50,50,100,100,4,0,0,0
1775,1775,88,20,50,50,100,150,0,0,0,2
1776,1776,88,20,50,50,100,150,1,0,0,0
1777,1777,88,20,50,50,100,150,2,0,0,0
1778,1778,88,20,50,50,100,150,3,0,0,0
1779,1779,88,20,50,50,100,150,4,0,0,0
1780,1780,89,20,50,50,100,0,0,100,0,0
1781,1781,89,20,50,50,100,0,1,100,0,0
1782,1782,89,20,50,50,100,0,2,100,0,0
1783,1783,89,20,50,50,100,0,3,100,0,0
1784,1784,89,20,50,50,100,0,4,100,0,0
1785,1785,89,20,50,50,100,50,0,0,0,1
1786,1786,89,20,50,50,100,50,1,0,0,6
1787,1787,89,20,50,50,100,50,2,2,0,0
1788,1788,89,20,50,50,100,50,3,0,0,7
1789,1789,89,20,50,50,100,50,4,0,0,0
1790,1790,89,20,50,50,100,100,0,0,0,0
1791,1791,89,20,50,50,100,100,1,0,0,0
1792,1792,89,20,50,50,100,100,2,0,0,6
1793,1793,89,20,50,50,100,100,3,0,0,0
1794,1794,89,20,50,50,100,100,4,0,0,2
1795,1795,89,20,50,50,100,150,0,1,0,0
1796,1796,89,20,50,50,100,150,1,0,0,0
1797,1797,89,20,50,50,100,150,2,2,0,9
1798,1798,89,20,50,50,100,150,3,0,0,0
1799,1799,89,20,50,50,100,150,4,0,0,0
1800,1800,90,20,50,50,100,0,0,100,0,0
1801,1801,90,20,50,50,100,0,1,100,0,0
1802,1802,90,20,50,50,100,0,2,100,0,0
1803,1803,90,20,50,50,100,0,3,100,0,0
1804,1804,90,20,50,50,100,0,4,100,0,0
1805,1805,90,20,50,50,100,50,0,0,0,1
1806,1806,90,20,50,50,100,50,1,0,0,0
1807,1807,90,20,50,50,100,50,2,1,0,0
1808,1808,90,20,50,50,100,50,3,0,0,4
1809,1809,90,20,50,50,100,50,4,2,0,8
1810,1810,90,20,50,50,100,100,0,2,0,0
1811,1811,90,20,50,50,100,100,1,0,0,0
1812,1812,90,20,50,50,100,100,2,0,0,0
1813,1813,90,20,50,50,100,100,3,0,0,0
1814,1814,90,20,50,50,100,100,4,2,0,1
1815,1815,90,20,50,50,100,150,0,0,0,0
1816,1816,90,20,50,50,100,150,1,0,0,2
1817,1817,90,20,50,50,100,150,2,1,0,0
1818,1818,90,20,50,50,100,150,3,0,0,5
1819,1819,90,20,50,50,100,150,4,0,0,1
1820,1820,91,20,50,50,100,0,0,100,0,0
1821,1821,91,20,50,50,100,0,1,100,0,0
1822,1822,91,20,50,50,100,0,2,100,0,0
1823,1823,91,20,50,50,100,0,3,100,0,0
1824,1824,91,20,50,50,100,0,4,100,0,0
1825,1825,91,20,50,50,100,50,0,0,0,2
1826,1826,91,20,50,50,100,50,1,0,0,9
1827,1827,91,20,50,50,100,50,2,2,0,0
1828,1828,91,20,50,50,100,50,3,1,0,0
1829,1829,91,20,50,50,100,50,4,0,0,10
1830,1830,91,20,50,50,100,100,0,0,0,0
1831,1831,91,20,50,50,100,100,1,0,0,0
1832,1832,91,20,50,50,100,100,2,0,0,0
1833,1833,91,20,50,50,100,100,3,0,0,0
1834,1834,91,20,50,50,100,100,4,0,0,0
1835,1835,91,20,50,50,100,150,0,0,0,0
1836,1836,91,20,50,50,100,150,1,0,0,0
1837,1837,91,20,50,50,100,150,2,0,0,0
1838,1838,91,20,50,50,100,150,3,0,0,0
1839,1839,91,20,50,50,100,150,4,1,0,0
1840,1840,92,20,50,50,100,0,0,100,0,0
1841,1841,92,20,50,50,100,0,1,100,0,0
1842,1842,92,20,50,50,100,0,2,100,0,0
1843,1843,92,20,50,50,100,0,3,100,0,0
1844,1844,92,20,50,50,100,0,4,100,0,0
1845,1845,92,20,50,50,100,50,0,1,0,0
1846,1846,92,20,50,50,100,50,1,1,0,0
1847,1847,92,20,50,50,100,50,2,0,0,0
1848,1848,92,20,50,50,100,50,3,6,0,0
1849,1849,92,20,50,50,100,50,4,0,0,5
1850,1850,92,20,50,50,100,100,0,0,0,0
1851,1851,92,20,50,50,100,100,1,1,0,0
1852,1852,92,20,50,50,100,100,2,0,0,0
1853,1853,92,20,50,50,100,100,3,0,0,3
1854,1854,92,20,50,50,100,100,4,1,0,0
1855,1855,92,20,50,50,100,150,0,0,0,0
1856,1856,92,20,50,50,100,150,1,1,0,0
1857,1857,92,20,50,50,100,150,2,1,0,0
1858,1858,92,20,50,50,100,150,3,0,0,0
1859,1859,92,20,50,50,100,150,4,0,0,0
1860,1860,93,20,50,50,100,0,0,100,0,0
1861,1861,93,20,50,50,100,0,1,100,0,0
1862,1862,93,20,50,50,100,0,2,100,0,0
1863,1863,93,20,50,50,100,0,3,100,0,0
1864,1864,93,20,50,50,100,0,4,100,0,0
1865,1865,93,20,50,50,100,50,0,0,0,8
1866,1866,93,20,50,50,100,50,1,3,0,1
1867,1867,93,20,50,50,100,50,2,0,0,0
1868,1868,93,20,50,50,100,50,3,0,0,0
1869,1869,93,20,50,50,100,50,4,0,0,0
1870,1870,93,20,50,50,100,100,0,0,0,0
1871,1871,93,20,50,50,100,100,1,0,0,0
1872,1872,93,20,50,50,100,100,2,3,0,3
1873,1873,93,20,50,50,100,100,3,1,0,0
1874,1874,93,20,50,50,100,100,4,0,0,4
1875,1875,93,20,50,50,100,150,0,0,0,0
1876,1876,93,20,50,50,100,150,1,1,0,0
1877,1877,93,20,50,50,100,150,2,0,0,0
1878,1878,93,20,50,50,100,150,3,0,0,0
1879,1879,93,20,50,50,100,150,4,0,0,0
1880,1880,94,20,50,50,100,0,0,100,0,0
1881,1881,94,20,50,50,100,0,1,100,0,0
1882,1882,94,20,50,50,100,0,2,100,0,0
1883,1883,94,20,50,50,100,0,3,100,0,0
1884,1884,94,20,50,50,100,0,4,100,0,0
1885,1885,94,20,50,50,100,50,0,0,0,21
1886,1886,94,20,50,50,100,50,1,1,0,0
1887,1887,94,20,50,50,100,50,2,1,0,0
1888,1888,94,20,50,50,100,50,3,0,0,0
1889,1889,94,20,50,50,100,50,4,1,0,0
1890,1890,94,20,50,50,100,100,0,0,0,0
1891,1891,94,20,50,50,100,100,1,0,0,0
1892,1892,94,20,50,50,100,100,2,0,0,0
1893,1893,94,20,50,50,100,100,3,0,0,0
1894,1894,94,20,50,50,100,100,4,0,0,0
1895,1895,94,20,50,50,100,150,0,0,0,0
1896,1896,94,20,50,50,100,150,1,0,0,0
1897,1897,94,20,50,50,100,150,2,0,0,0
1898,1898,94,20,50,50,100,150,3,0,0,0
1899,1899,94,20,50,50,100,150,4,0,0,0
1900,1900,95,20,50,50,100,0,0,100,0,0
1901,1901,95,20,50,50,100,0,1,100,0,0
1902,1902,95,20,50,50,100,0,2,100,0,0
1903,1903,95,20,50,50,100,0,3,100,0,0
1904,1904,95,20,50,50,100,0,4,100,0,0
1905,1905,95,20,50,50,100,50,0,1,0,10
1906,1906,95,20,50,50,100,50,1,0,0,1
1907,1907,95,20,50,50,100,50,2,0,0,0
1908,1908,95,20,50,50,100,50,3,0,0,1
1909,1909,95,20,50,50,100,50,4,0,0,0
1910,1910,95,20,50,50,100,100,0,0,0,0
1911,1911,95,20,50,50,100,100,1,0,0,4
1912,1912,95,20,50,50,100,100,2,0,0,0
1913,1913,95,20,50,50,100,100,3,0,0,0
1914,1914,95,20,50,50,100,100,4,2,0,0
1915,1915,95,20,50,50,100,150,0,0,0,0
1916,1916,95,20,50,50,100,150,1,0,0,0
1917,1917,95,20,50,50,100,150,2,0,0,0
1918,1918,95,20,50,50,100,150,3,0,0,0
1919,1919,95,20,50,50,100,150,4,0,0,0
1920,1920,96,20,50,50,100,0,0,100,0,0
1921,1921,96,20,50,50,100,0,1,100,0,0
1922,1922,96,20,50,50,100,0,2,100,0,0
1923,1923,96,20,50,50,100,0,3,100,0,0
1924,1924,96,20,50,50,100,0,4,100,0,0
1925,1925,96,20,50,50,100,50,0,0,0,1
1926,1926,96,20,50,50,100,50,1,2,0,2
1927,1927,96,20,50,50,100,50,2,2,0,0
1928,1928,96,20,50,50,100,50,3,0,0,8
1929,1929,96,20,50,50,100,50,4,0,0,9
1930,1930,96,20,50,50,100,100,0,1,0,0
1931,1931,96,20,50,50,100,100,1,0,0,0
1932,1932,96,20,50,50,100,100,2,0,0,0
1933,1933,96,20,50,50,100,100,3,0,0,0
1934,1934,96,20,50,50,100,100,4,0,0,0
1935,1935,96,20,50,50,100,150,0,0,0,0
1936,1936,96,20,50,50,100,150,1,0,0,0
1937,1937,96,20,50,50,100,150,2,0,0,0
1938,1938,96,20,50,50,100,150,3,2,0,1
1939,1939,96,20,50,50,100,150,4,0,0,0
1940,1940,97,20,50,50,100,0,0,100,0,0
1941,1941,97,20,50,50,100,0,1,100,0,0
1942,1942,97,20,50,50,100,0,2,100,0,0
1943,1943,97,20,50,50,100,0,3,100,0,0
1944,1944,97,20,50,50,100,0,4,100,0,0
1945,1945,97,20,50,50,100,50,0,0,0,0
1946,1946,97,20,50,50,100,50,1,0,0,0
1947,1947,97,20,50,50,100,50,2,0,0,0
1948,1948,97,20,50,50,100,50,3,1,0,0
1949,1949,97,20,50,50,100,50,4,1,0,1
1950,1950,97,20,50,50,100,100,0,0,0,0
1951,1951,97,20,50,50,100,100,1,1,0,0
1952,1952,97,20,50,50,100,100,2,0,0,0
1953,1953,97,20,50,50,100,100,3,0,0,0
1954,1954,97,20,50,50,100,100,4,0,0,1
1955,1955,97,20,50,50,100,150,0,0,0,0
1956,1956,97,20,50,50,100,150,1,0,0,0
1957,1957,97,20,50,50,100,150,2,0,0,0
1958,1958,97,20,50,50,100,150,3,0,0,0
1959,1959,97,20,50,50,100,150,4,3,0,0
1960,1960,98,20,50,50,100,0,0,100,0,0
1961,1961,98,20,50,50,100,0,1,100,0,0
1962,1962,98,20,50,50,100,0,2,100,0,0
1963,1963,98,20,50,50,100,0,3,100,0,0
1964,1964,98,20,50,50,100,0,4,100,0,0
1965,1965,98,20,50,50,100,50,0,0,0,6
1966,1966,98,20,50,50,100,50,1,0,0,0
1967,1967,98,20,50,50,100,50,2,0,0,2
1968,1968,98,20,50,50,100,50,3,1,0,5
1969,1969,98,20,50,50,100,50,4,4,0,12
1970,1970,98,20,50,50,100,100,0,0,0,0
1971,1971,98,20,50,50,100,100,1,0,0,0
1972,1972,98,20,50,50,100,100,2,4,0,4
1973,1973,98,20,50,50,100,100,3,0,0,1
1974,1974,98,20,50,50,100,100,4,0,0,0
1975,1975,98,20,50,50,100,150,0,0,0,0
1976,1976,98,20,50,50,100,150,1,0,0,0
1977,1977,98,20,50,50,100,150,2,1,0,0
1978,1978,98,20,50,50,100,150,3,2,0,0
1979,1979,98,20,50,50,100,150,4,0,0,0
1980,1980,99,20,50,50,100,0,0,100,0,0
1981,1981,99,20,50,50,100,0,1,100,0,0
1982,1982,99,20,50,50,100,0,2,100,0,0
1983,1983,99,20,50,50,100,0,3,100,0,0
1984,1984,99,20,50,50,100,0,4,100,0,0
1985,1985,99,20,50,50,100,50,0,0,0,4
1986,1986,99,20,50,50,100,50,1,4,0,0
1987,1987,99,20,50,50,100,50,2,0,0,21
1988,1988,99,20,50,50,100,50,3,0,0,10
1989,1989,99,20,50,50,100,50,4,0,0,0
1990,1990,99,20,50,50,100,100,0,2,0,0
1991,1991,99,20,50,50,100,100,1,0,0,0
1992,1992,99,20,50,50,100,100,2,0,0,0
1993,1993,99,20,50,50,100,100,3,0,0,0
1994,1994,99,20,50,50,100,100,4,0,0,2
1995,1995,99,20,50,50,100,150,0,0,0,0
1996,1996,99,20,50,50,100,150,1,2,0,0
1997,1997,99,20,50,50,100,150,2,0,0,0
1998,1998,99,20,50,50,100,150,3,0,0,0
1999,1999,99,20,50,50,100,150,4,0,0,0
